ID	Category	Dispel	Mechanic	Attributes	AttributesEx	AttributesEx2	AttributesEx3	AttributesEx4	AttributesEx5	AttributesEx6	AttributesEx7	Stances	Unknown1	StancesNot	Unknown2	Targets	TargetCreatureType	RequiresSpellFocus	FacingCasterFlags	CasterAuraState	TargetAuraState	CasterAuraStateNot	TargetAuraStateNot	CasterAuraSpell	TargetAuraSpell	ExcludeCasterAuraSpell	ExcludeTargetAuraSpell	CastingTimeIndex	RecoveryTime	CategoryRecoveryTime	InterruptFlags	AuraInterruptFlags	ChannelInterruptFlags	ProcFlags	ProcChance	ProcCharges	MaximumLevel	BaseLevel	SpellLevel	DurationIndex	PowerType	ManaCost	ManaCostPerLevel	ManaPerSecond	ManaPerSecondPerLevel	RangeIndex	Speed	ModalNextSpell	StackAmount	Totem1	Totem2	Reagent1	Reagent2	Reagent3	Reagent4	Reagent5	Reagent6	Reagent7	Reagent8	ReagentCount1	ReagentCount2	ReagentCount3	ReagentCount4	ReagentCount5	ReagentCount6	ReagentCount7	ReagentCount8	EquippedItemClass	EquippedItemSubClassMask	EquippedItemInventoryTypeMask	Effect1	Effect2	Effect3	EffectDieSides1	EffectDieSides2	EffectDieSides3	EffectRealPointsPerLevel1	EffectRealPointsPerLevel2	EffectRealPointsPerLevel3	EffectBasePoints1	EffectBasePoints2	EffectBasePoints3	EffectMechanic1	EffectMechanic2	EffectMechanic3	EffectImplicitTargetA1	EffectImplicitTargetA2	EffectImplicitTargetA3	EffectImplicitTargetB1	EffectImplicitTargetB2	EffectImplicitTargetB3	EffectRadiusIndex1	EffectRadiusIndex2	EffectRadiusIndex3	EffectApplyAuraName1	EffectApplyAuraName2	EffectApplyAuraName3	EffectAmplitude1	EffectAmplitude2	EffectAmplitude3	EffectMultipleValue1	EffectMultipleValue2	EffectMultipleValue3	EffectChainTarget1	EffectChainTarget2	EffectChainTarget3	EffectItemType1	EffectItemType2	EffectItemType3	EffectMiscValue1	EffectMiscValue2	EffectMiscValue3	EffectMiscValueB1	EffectMiscValueB2	EffectMiscValueB3	EffectTriggerSpell1	EffectTriggerSpell2	EffectTriggerSpell3	EffectPointsPerComboPoint1	EffectPointsPerComboPoint2	EffectPointsPerComboPoint3	EffectSpellClassMaskA1	EffectSpellClassMaskA2	EffectSpellClassMaskA3	EffectSpellClassMaskB1	EffectSpellClassMaskB2	EffectSpellClassMaskB3	EffectSpellClassMaskC1	EffectSpellClassMaskC2	EffectSpellClassMaskC3	SpellVisual1	SpellVisual2	SpellIconID	ActiveIconID	SpellPriority	SpellName0	SpellName1	SpellName2	SpellName3	SpellName4	SpellName5	SpellName6	SpellName7	SpellName8	SpellNameFlag0	SpellNameFlag1	SpellNameFlag2	SpellNameFlag3	SpellNameFlag4	SpellNameFlag5	SpellNameFlag6	SpellNameFlag7	SpellRank0	SpellRank1	SpellRank2	SpellRank3	SpellRank4	SpellRank5	SpellRank6	SpellRank7	SpellRank8	SpellRankFlags0	SpellRankFlags1	SpellRankFlags2	SpellRankFlags3	SpellRankFlags4	SpellRankFlags5	SpellRankFlags6	SpellRankFlags7	SpellDescription0	SpellDescription1	SpellDescription2	SpellDescription3	SpellDescription4	SpellDescription5	SpellDescription6	SpellDescription7	SpellDescription8	SpellDescriptionFlags0	SpellDescriptionFlags1	SpellDescriptionFlags2	SpellDescriptionFlags3	SpellDescriptionFlags4	SpellDescriptionFlags5	SpellDescriptionFlags6	SpellDescriptionFlags7	SpellToolTip0	SpellToolTip1	SpellToolTip2	SpellToolTip3	SpellToolTip4	SpellToolTip5	SpellToolTip6	SpellToolTip7	SpellToolTip8	SpellToolTipFlags0	SpellToolTipFlags1	SpellToolTipFlags2	SpellToolTipFlags3	SpellToolTipFlags4	SpellToolTipFlags5	SpellToolTipFlags6	SpellToolTipFlags7	ManaCostPercentage	StartRecoveryCategory	StartRecoveryTime	MaximumTargetLevel	SpellFamilyName	SpellFamilyFlags	SpellFamilyFlags1	SpellFamilyFlags2	MaximumAffectedTargets	DamageClass	PreventionType	StanceBarOrder	EffectDamageMultiplier1	EffectDamageMultiplier2	EffectDamageMultiplier3	MinimumFactionId	MinimumReputation	RequiredAuraVision	TotemCategory1	TotemCategory2	AreaGroupID	SchoolMask	RuneCostID	SpellMissileID	PowerDisplayId	EffectBonusMultiplier1	EffectBonusMultiplier2	EffectBonusMultiplier3	SpellDescriptionVariableID	SpellDifficultyID
110001	1225	0	0	65536	0	0	262144	2048	0	0	0	0	0	0	0	0	0	0	1	0	0	0	0	0	0	0	0	4	180000	0	12	0	0	0	101	0	0	0	0	0	0	0	0	0	0	4	20	0	0	0	0	0	0	0	0	0	0	0	0	0	0	0	0	0	0	0	0	-1	0	0	0	64	2	0	0	0	0	0	0	0	0	808	0	0	0	0	6	6	0	0	0	0	0	0	0	0	0	0	0	0	1	0	1	0	0	0	0	0	0	0	0	0	0	0	0	0	110002	0	0	0	0	0	0	0	0	0	0	0	0	0	11240	0	76	0	0	Finger of Death									0	0	0	0	0	0	0	16712190										0	0	0	0	0	0	0	16712190	Tears the target apart from the inside, dealing ${$s3+0.43*$SP} Chaos damage. Finger of Death cannot be resisted, and pierces through all absorption effects. Castable while moving. If the target dies within $110002d sec of Finger of Death, and yields experience or honor, its cooldown is instantly reset and the caster gains $110002s2 Soul Shards.									0	0	0	0	0	0	0	16712190										0	0	0	0	0	0	0	16712190	0	133	1500	0	5	0	0	2147483648	0	1	1	0	1	1	1	0	0	0	0	0	0	127	0	0	0	0	0	0	0	0
110002	0	0	0	134283264	136	4	0	0	0	0	0	0	0	0	0	0	0	0	0	0	0	0	0	0	0	0	0	1	0	0	0	0	0	1	101	0	0	0	1	28	0	0	0	0	0	6	0	0	0	0	0	0	0	0	0	0	0	0	0	0	0	0	0	0	0	0	0	-1	0	0	6	3	0	1	0	0	0	0	0	0	5	0	0	0	0	6	0	0	0	0	0	0	0	0	4	0	0	0	0	0	0	0	0	0	0	0	0	0	0	0	0	0	0	0	0	0	0	0	0	0	0	0	0	0	0	0	0	0	0	0	0	0	76	0	0	Finger of Death									0	0	0	0	0	0	0	16712190										0	0	0	0	0	0	0	16712190										0	0	0	0	0	0	0	16712190	If target dies, casting warlock resets their Finger of Death cooldown.									0	0	0	0	0	0	0	16712190	0	0	0	0	5	0	0	0	0	0	0	0	1	1	1	0	0	0	0	0	0	126	0	0	0	0	0	1	0	0
110003	0	0	0	65552	0	0	0	0	0	0	0	0	0	0	0	0	0	0	0	0	0	0	0	0	0	0	0	1	120000	0	0	0	0	0	101	0	0	1	1	28	0	0	0	0	0	1	0	0	0	0	0	0	0	0	0	0	0	0	0	0	0	0	0	0	0	0	0	-1	0	0	6	0	0	1	0	0	0	0	0	59	0	0	0	0	0	1	0	0	0	0	0	0	0	0	31	0	0	0	0	0	0	0	0	0	0	0	0	0	0	0	0	0	0	0	0	0	0	0	0	0	0	0	0	0	0	0	0	0	0	0	6	0	1715	0	0	Steed of Xoroth									0	0	0	0	0	0	0	16712190										0	0	0	0	0	0	0	16712190	Leap atop your Felsteed for $d, increasing movement speed by %m1% and allowing you to cast Shadow Bolt, Immolate, and Incinerate while moving. Usable while indoors or in combat.									0	0	0	0	0	0	0	16712190	Movement speed increased by $s1%.									0	0	0	0	0	0	0	16712190	0	0	0	0	5	0	0	1073741824	0	0	1	0	1	1	1	0	0	0	0	0	0	32	0	0	0	0	0	0	0	0
110004	0	1	0	327680	0	0	0	0	0	0	0	0	0	0	0	0	0	0	0	0	0	0	0	0	0	0	0	1	45000	0	8	0	0	0	101	0	0	1	1	1	0	0	0	0	0	1	0	0	0	0	0	0	0	0	0	0	0	0	0	0	0	0	0	0	0	0	0	-1	0	0	6	6	6	1	1	1	0	0	0	14	14	14	0	0	0	1	1	1	0	0	0	0	0	0	216	138	140	0	0	0	0	0	0	0	0	0	0	0	0	127	9	0	0	0	0	0	0	0	0	0	0	0	0	0	0	0	0	0	0	0	10148	0	2240	0	50	Soulshatter									0	0	0	0	0	0	0	16712190										0	0	0	0	0	0	0	16712190	Hastens your spellcasting, increasing spell casting speed by $m1%.  Lasts $d.									0	0	0	0	0	0	0	16712190	Casting speed of all spells increased by $s1%.									0	0	0	0	0	0	0	16712190	0	0	0	0	5	0	0	536870912	0	1	1	0	1	1	1	0	0	0	0	0	0	32	0	0	0	0	0	0	0	0
110005	0	1	0	327680	0	0	0	2048	0	8388608	0	0	0	0	0	0	0	0	1	0	0	0	0	0	0	0	0	16	60000	0	0	0	0	0	101	0	0	0	0	28	0	0	0	0	0	4	0	0	0	0	0	0	0	0	0	0	0	0	0	0	0	0	0	0	0	0	0	-1	0	0	6	6	0	1	1	0	0	0	0	-1	-41	20	0	0	0	25	25	25	0	0	0	0	0	0	25	33	4	0	0	0	0	0	0	0	0	0	0	0	0	0	0	0	0	0	0	0	0	0	0	0	0	0	0	0	0	0	0	0	0	0	398	0	96	0	50	Banish									0	0	0	0	0	0	0	16712190										0	0	0	0	0	0	0	16712190	Banishes the target, disarming them and slowing their movement speed by $s2% for $d. Banished units are immune to physical damage and cannot attack, but can cast spells and receive $110006s2% increased magic damage and healing.\
									0	0	0	0	0	0	0	16712190	Disarmed, slowed movement speed by $s2%, immune to physical damage but can cast spells and recieve $110006s2% increased magic damage and healing.									0	0	0	0	0	0	0	16712190	0	133	1500	0	5	0	0	268435456	0	1	1	0	1	1	1	0	0	0	0	0	0	32	0	0	0	0	0	0	0	0
110006	0	0	0	400	0	0	0	0	0	0	0	0	0	0	0	140	0	0	0	0	0	0	0	0	0	0	0	1	0	0	0	0	0	0	101	0	0	0	1	28	0	0	0	0	0	13	0	0	0	0	0	0	0	0	0	0	0	0	0	0	0	0	0	0	0	0	0	-1	0	0	6	6	6	0	1	0	0	0	0	-999	19	20	0	0	0	25	25	25	0	0	0	0	0	0	14	14	118	0	0	0	0	0	0	0	0	0	0	0	0	1	126	127	0	0	0	0	0	0	0	0	0	0	0	0	0	0	0	0	0	0	0	0	52	0	50	Banish									0	0	0	0	0	0	0	16712190										0	0	0	0	0	0	0	16712190										0	0	0	0	0	0	0	16712190	Dummy									0	0	0	0	0	0	0	16712190	0	0	0	0	0	0	0	268435456	0	0	0	0	1	1	1	0	0	0	0	0	0	32	0	0	0	0	0	0	0	0
110007	0	0	0	65536	0	0	0	0	0	0	0	0	0	0	0	0	0	0	1	0	0	0	0	0	0	0	0	1	60000	0	15	0	0	34816	101	0	0	0	0	18	0	0	0	0	0	4	12	0	0	0	0	0	0	0	0	0	0	0	0	0	0	0	0	0	0	0	0	-1	0	0	2	6	0	0	0	0	0	0	0	446	80	0	0	0	0	6	6	0	0	0	0	0	0	0	0	4	0	0	0	0	1	0	0	0	0	0	0	0	0	0	0	0	0	0	0	0	0	0	0	0	0	0	0	0	0	0	0	0	0	0	64	0	55	0	0	Bane of Havoc									0	0	0	0	0	0	0	16712190										0	0	0	0	0	0	0	16712190	Afflicts the target with a powerful bane that instantly deals ${$m1+0.61*$SP} Shadowflame damage and causes the target to be unable to be healed above $s2% of their maximum health for $d. Cannot be dispelled									0	0	0	0	0	0	0	16712190	Unable to be healed above $s2% of your maximum. Cannot be dispelled									0	0	0	0	0	0	0	16712190	0	133	1500	0	5	0	0	134217728	0	1	0	0	1	1	1	0	0	0	0	0	0	36	0	0	0	0	0	0	0	0
110008	0	0	0	2147483664	1024	0	1048576	0	8192	0	0	2097152	0	0	0	0	0	0	0	0	0	0	0	0	0	0	0	1	0	0	0	0	31788	0	101	0	0	0	0	21	0	0	0	0	0	1	0	0	0	0	0	0	0	0	0	0	0	0	0	0	0	0	0	0	0	0	0	-1	0	0	6	0	0	1	1	0	0	0	0	-1	-1	0	0	0	0	1	0	0	0	0	0	0	0	0	23	0	0	1000	0	0	0	0	0	0	0	0	0	0	0	0	0	0	0	0	0	110009	0	0	0	0	0	0	0	0	0	0	0	0	0	0	12038	0	937	0	0	Permanent Immolation									0	0	0	0	0	0	0	16712190										0	0	0	0	0	0	0	16712190	Causes ${$110009m1+0.2*$SP} Fire damage to all nearby enemies every $t1 sec. 									0	0	0	0	0	0	0	16712190	Damages all nearby enemies for ${$110009s1+0.2*$SP}									0	0	0	0	0	0	0	16712190	0	133	0	0	5	0	0	67108864	0	1	1	0	1	1	1	0	0	0	0	0	0	127	0	0	0	1	0	1	0	0
110009	0	0	0	0	128	541065216	33554432	0	0	0	0	2097152	0	0	0	0	0	0	0	0	0	0	0	0	0	0	0	1	0	0	0	0	0	0	101	0	0	0	0	0	0	0	0	0	0	1	0	0	0	0	0	0	0	0	0	0	0	0	0	0	0	0	0	0	0	0	0	-1	0	0	2	0	0	0	0	0	0	0	0	66	0	0	0	0	0	18	0	0	16	0	0	14	0	0	0	0	0	0	0	0	0	0	0	0	0	0	0	0	0	0	0	0	0	0	0	0	0	0	0	0	0	0	0	0	0	0	0	0	0	0	11111	0	937	0	0	Permanent Immolation									0	0	0	0	0	0	0	16712190										0	0	0	0	0	0	0	16712190	Causes ${$110009m1+0.2*$SP} Fire damage to all nearby enemies every $t1 sec. 									0	0	0	0	0	0	0	16712190										0	0	0	0	0	0	0	16712190	0	0	0	0	5	0	0	67108864	0	0	0	0	1	1	1	0	0	0	0	0	0	127	0	0	0	0	1	0	0	0
110010	0	0	12	0	0	0	0	0	0	0	0	0	0	0	0	0	0	0	0	0	0	0	0	0	0	0	0	4	26000	0	9	0	0	0	101	0	0	0	0	39	4294967294	0	0	0	0	4	20	0	0	0	0	0	0	0	0	0	0	0	0	0	0	0	0	0	0	0	0	-1	0	0	2	6	0	0	0	0	0	0	0	178	0	0	0	0	0	6	6	0	0	0	0	0	0	0	0	12	0	0	0	0	0	0	0	0	0	0	0	0	0	0	0	0	0	0	0	0	0	0	0	0	0	0	0	0	0	0	0	0	0	0	7179	0	18	0	0	Fiery Boulder									0	0	0	0	0	0	0	16712190										0	0	0	0	0	0	0	16712190	Throws a fiery boulder at the enemy target, dealing ${$m1+0.42*$SP} Chaos damage and knocking them down for $d sec									0	0	0	0	0	0	0	16712190	Knocked Down.									0	0	0	0	0	0	0	16712190	20	0	1500	0	5	0	0	33554432	0	1	1	0	1	1	1	0	0	0	0	0	0	127	0	0	0	0	1	1	0	0
110011	0	1	0	327696	136	0	0	0	32768	0	0	196608	0	0	0	0	0	0	0	0	0	0	0	0	0	0	0	1	12000	0	0	0	0	0	0	0	0	0	0	28	4294967294	0	0	0	0	1	0	0	0	0	0	0	0	0	0	0	0	0	0	0	0	0	0	0	0	0	0	-1	0	0	2	6	0	0	1	0	0	0	0	250	-51	0	0	0	0	22	22	0	15	15	0	8	8	0	0	138	0	0	0	0	0	0	0	0	0	0	0	0	0	0	0	0	0	0	0	0	0	0	0	0	0	0	0	0	0	0	0	0	0	0	145	0	66	0	0	Infernal Slam									0	0	0	0	0	0	0	16712190										0	0	0	0	0	0	0	16712190	Slams the ground, dealing ${$m1+0.42*$SP} Chaos damage and reducing attack speed of nearby enemies by $s2% for $d.\
									0	0	0	0	0	0	0	16712190	Time between attacks increased by $s2%.									0	0	0	0	0	0	0	16712190	5	133	1500	0	5	0	0	16777216	0	1	1	0	1	1	1	0	0	0	0	0	0	127	0	0	0	0	0	0	0	0
110012	0	1	0	327696	512	0	0	2048	0	8388608	0	131072	0	0	0	140	0	0	1	0	0	0	0	0	0	0	0	1	90000	0	0	0	0	0	101	0	0	0	0	1	4294967294	0	0	0	0	4	0	0	0	0	0	0	0	0	0	0	0	0	0	0	0	0	0	0	0	0	0	-1	0	0	6	6	0	1	1	0	0	0	0	14	19	0	0	0	0	25	25	0	0	0	0	0	0	0	13	14	0	0	0	0	0	0	0	0	0	0	0	0	0	0	0	0	0	0	0	0	0	0	0	0	0	0	0	0	0	0	0	0	0	0	398	0	34	0	50	Recklessness									0	0	0	0	0	0	0	16712190										0	0	0	0	0	0	0	16712190	Increases the target’s damage dealt by $m1% and damage taken by $s2%. Lasts $d.\
									0	0	0	0	0	0	0	16712190	Dealing $s1% more damage and taking $s2% more damage.									0	0	0	0	0	0	0	16712190	7	133	1500	0	5	0	0	8388608	0	1	1	0	1	1	1	0	0	0	0	0	0	32	0	0	0	0	0	0	0	0
110013	0	0	0	65536	524288	0	0	0	8192	0	0	0	0	0	0	0	0	0	1	0	0	0	0	0	0	0	0	1	0	0	15	0	31756	0	101	0	0	0	0	0	0	0	0	0	0	4	0	0	0	0	0	0	0	0	0	0	0	0	0	0	0	0	0	0	0	0	0	-1	0	0	3	0	0	1	0	0	0	0	0	70	0	0	0	0	0	25	0	0	0	0	0	0	0	0	0	0	0	1000	0	0	0	0	0	0	0	0	0	0	0	0	0	0	0	0	0	0	0	0	0	0	0	0	0	0	0	0	0	0	0	0	0	0	546	0	0	Drain Life									0	0	0	0	0	0	0	16712190										0	0	0	0	0	0	0	16712190	Transfers ${$m1+0.142*$SP} health every 1 sec from the enemy target to the caster or ${$m1+0.142*$SP} health every $t1 sec from the caster to the friendly target. Lasts $d sec. Drain Life has a $110015s2% chance to generate 1 Soul Shard each time it deals damage.\
									0	0	0	0	0	0	0	16712190	Drains health every $t1 sec to the caster.									0	0	0	0	0	0	0	16712190	0	133	1500	0	5	8	0	0	0	0	1	0	1	1	1	0	0	0	0	0	0	32	0	0	0	0.143	0	0	0	0
110014	0	1	0	65536	0	0	128	1048576	32	8388608	0	0	0	0	0	0	0	0	0	0	0	0	0	0	0	0	0	1	0	0	8	0	0	0	101	0	0	0	0	106	0	0	0	0	0	4	0	0	0	0	0	0	0	0	0	0	0	0	0	0	0	0	0	0	0	0	0	-1	0	0	6	0	0	0	0	0	0	0	0	87	0	0	0	0	0	6	0	0	0	0	0	0	0	0	3	0	0	2000	0	0	0	0	0	0	0	0	0	0	0	0	0	0	0	0	0	0	0	0	0	0	0	0	0	0	0	0	0	0	0	0	824	0	544	0	0	Agony									0	0	0	0	0	0	0	16712190										0	0	0	0	0	0	0	16712190	Burns the target with agony, causing ${$o1+1.2*$SP} Shadow damage over $d.  This damage is dealt slowly at first, and builds up as the Agony reaches its full duration.  Only one Agony per Warlock can be active on any one target.									0	0	0	0	0	0	0	16712190	Taking shadow damage over time.									0	0	0	0	0	0	0	16712190	0	133	1500	0	5	1024	0	0	0	1	1	0	1	1	1	0	0	0	0	0	0	32	0	0	0	0	0	0	0	0
110015	0	1	0	65536	16388	0	0	0	8192	8388608	0	0	0	0	0	0	0	0	1	0	0	0	0	0	0	0	0	1	0	0	15	0	31756	0	101	0	0	0	0	28	0	0	0	0	0	4	0	0	0	0	0	0	0	0	0	0	0	0	0	0	0	0	0	0	0	0	0	-1	0	0	6	3	0	1	0	0	0	0	0	70	40	0	0	0	0	6	1	0	0	0	0	0	0	0	53	0	0	1000	0	0	1	0	0	0	0	0	0	0	0	0	0	0	0	0	0	0	0	0	0	0	0	0	0	0	0	0	0	0	0	0	12655	0	546	0	0	Drain Life									0	0	0	0	0	0	0	16712190										0	0	0	0	0	0	0	16712190	Transfers ${$m1+0.142*$SP} health every 1 sec from the enemy target to the caster or ${$m1+0.142*$SP} health every $t1 sec from the caster to the friendly target. Lasts $d sec. Drain Life has a 40% chance to generate 1 Soul Shard each time it deals damage.\
									0	0	0	0	0	0	0	16712190	Drains health every $t1 sec to the caster and has a $s2% chance to generate a Soul Shard per tick.									0	0	0	0	0	0	0	16712190	0	0	0	0	5	8	0	0	0	1	1	0	1	1	1	0	0	0	0	0	0	32	0	0	0	0	0	0	0	0
110016	0	1	0	65536	16388	0	0	0	8192	8388608	0	0	0	0	0	0	0	0	1	0	0	0	0	0	0	0	0	1	0	0	15	0	31756	0	101	0	0	0	0	28	0	0	0	0	0	4	0	0	0	0	0	0	0	0	0	0	0	0	0	0	0	0	0	0	0	0	0	-1	0	0	6	6	0	1	0	0	0	0	0	72	71	0	0	0	0	1	21	0	0	0	0	0	0	0	3	8	0	1000	1000	0	1	1	0	0	0	0	0	0	0	0	0	0	0	0	0	0	0	0	0	0	0	0	0	0	0	0	0	0	0	0	163	0	546	0	0	Drain Life									0	0	0	0	0	0	0	16712190										0	0	0	0	0	0	0	16712190	Transfers ${$m1+0.142*$SP} health every 1 sec from the enemy target to the caster or ${$m1+0.142*$SP} health every $t1 sec from the caster to the friendly target. Lasts $d sec. Drain Life has a 40% chance to generate 1 Soul Shard each time it deals damage.\
									0	0	0	0	0	0	0	16712190	Transfers health every $t1 sec to the ally.									0	0	0	0	0	0	0	16712190	0	0	0	0	5	8	0	0	0	1	1	0	1	1	1	0	0	0	0	0	0	32	0	0	0	0	0	0	0	0
110017	0	0	0	464	0	0	0	0	0	0	0	0	0	0	0	0	0	0	0	0	0	0	0	0	0	0	0	1	0	0	0	0	0	0	101	0	0	0	0	0	0	0	0	0	0	1	0	0	0	0	0	0	0	0	0	0	0	0	0	0	0	0	0	0	0	0	0	-1	0	0	6	0	0	1	1	0	0	0	0	99	99	0	0	0	0	1	1	0	0	0	0	0	0	0	286	108	0	0	0	0	0	0	0	0	0	0	0	0	0	12	15	0	0	0	0	0	0	0	0	0	0	1024	0	0	2	262400	0	0	0	0	0	0	2042	0	0	Pandemic									0	0	0	0	0	0	0	16712190										0	0	0	0	0	0	0	16712190	Grants the periodic damage from your Agony the ability to critically hit for $m1% increased damage.									0	0	0	0	0	0	0	16712190										0	0	0	0	0	0	0	16712190	0	0	0	0	5	0	0	0	0	0	0	0	1	1	1	0	0	0	0	0	0	1	0	0	0	1	0	1	0	0
110018	0	0	0	65536	0	0	128	1048576	0	8388608	0	0	0	0	0	0	0	0	0	0	0	0	0	0	0	0	0	1	90000	0	8	0	0	0	101	0	0	0	0	1	0	0	0	0	0	4	0	0	0	0	0	0	0	0	0	0	0	0	0	0	0	0	0	0	0	0	0	-1	0	0	6	6	0	0	0	0	0	0	0	133	30	0	0	0	0	6	6	0	0	0	0	0	0	0	3	72	0	2000	0	0	0	0	0	0	0	0	0	0	0	0	14	0	0	0	0	0	0	0	0	0	0	0	0	0	0	0	0	0	0	0	824	0	2598	2598	0	Bane of Despair									0	0	0	0	0	0	0	16712190										0	0	0	0	0	0	0	16712190	Afflicts the target with a powerful bane, dealing ${$o1+1*$SP} Shadow damage over $d and increasing the resource cost of all spells and abilities by $s2% for the duration. Cannot be dispelled.\
									0	0	0	0	0	0	0	16712190	Taking shadow damage over time and have $s2% increased resource cost of all spells and abilities. Cannot be dispelled.									0	0	0	0	0	0	0	16712190	0	133	1500	0	5	0	0	4194304	0	1	1	0	1	1	1	0	0	0	0	0	0	32	0	0	0	0	0	0	0	0
110019	0	0	0	262160	134218240	0	1024	0	0	0	0	0	0	0	0	0	0	0	1	0	0	0	0	0	0	0	0	1	12000	0	0	0	0	0	101	0	0	0	0	0	0	0	0	0	0	2	0	0	0	0	0	0	0	0	0	0	0	0	0	0	0	0	0	0	0	0	0	2	173555	0	2	3	3	1	1	1	0	0	0	177	42	11	0	0	0	6	6	6	0	0	0	0	0	0	0	0	0	0	0	0	0	0	0	0	0	0	0	0	0	0	0	0	0	0	0	0	0	0	0	0	0	0	0	0	0	0	0	0	0	0	11832	0	3143	0	50	Ritual Strike									0	0	0	0	0	0	0	16712190										0	0	0	0	0	0	0	16712190	Strike the enemy with your weapon, dealing ${$m1+0.43*$SP} Shadow damage and an additional ${$s2+0.2*$SP} Shadow damage for each of your damage over time effects on the target.									0	0	0	0	0	0	0	16712190										0	0	0	0	0	0	0	16712190	0	133	1500	0	5	0	0	2097152	0	2	2	0	1	1	1	0	0	0	0	0	0	32	0	0	0	0	0.2	0	0	0
110020	0	2	0	65536	0	0	0	0	0	8388608	0	0	0	0	0	0	0	0	0	0	0	0	0	0	0	0	0	1	0	0	8	0	0	1048576	101	0	0	0	0	3	0	0	0	0	0	4	0	0	0	0	0	0	0	0	0	0	0	0	0	0	0	0	0	0	0	0	0	-1	0	0	6	0	0	0	0	0	0	0	0	8	0	0	0	0	0	6	0	0	0	0	0	0	0	0	69	0	0	0	0	0	0	0	0	0	0	0	0	0	0	127	1	0	0	0	0	0	0	0	0	0	0	0	0	0	0	0	0	0	0	0	346	0	543	0	0	Curse of Imprudence									0	0	0	0	0	0	0	16712190										0	0	0	0	0	0	0	16712190	Curses the target, increasing damage taken from the Warlock and his/her demon by $m1% for $d. Only one Curse per Warlock can be active on any one target.\
									0	0	0	0	0	0	0	16712190	Increasing damage taken from the Warlock and his demon by $s1%.									0	0	0	0	0	0	0	16712190	0	133	1500	0	5	0	0	1048576	0	1	1	0	1	1	1	0	0	0	0	0	0	32	0	0	0	0	0	0	0	0
110021	0	0	0	2214592512	136	0	0	0	512	0	0	0	0	0	0	64	0	0	0	0	0	0	0	0	0	0	0	5	12000	0	0	0	0	0	40	0	0	0	0	29	4294967294	0	0	0	0	4	0	0	0	0	0	0	0	0	0	0	0	0	0	0	0	0	0	0	0	0	0	-1	0	0	27	3	0	1	0	0	0	0	0	215	40	0	0	0	0	87	87	0	16	16	0	13	13	0	3	42	0	2000	0	0	0	0	0	0	0	0	0	0	0	0	0	0	0	0	0	0	56898	0	0	0	0	0	0	0	0	0	524288	0	0	524288	9735	0	118	0	0	Death and Decay									0	0	0	0	0	0	0	16712190										0	0	0	0	0	0	0	16712190	Corrupts the targeted ground, causing ${$m1+1.68*$SP} Shadow damage over $d. Death and Decay has a 40% chance to apply Corruption each time it deals damage.									0	0	0	0	0	0	0	16712190	Shadow damage inflicted every sec.									0	0	0	0	0	0	0	16712190	17	133	1500	0	5	0	0	524288	0	1	1	0	1	1	1	0	0	0	0	0	0	32	0	0	0	0	0	0	0	0
110022	1225	0	0	65536	0	0	0	0	0	0	0	0	0	0	0	0	0	0	1	0	0	0	0	0	0	0	0	16	6000	0	12	0	0	0	101	0	0	0	0	0	4294967294	0	0	0	0	4	0	0	0	0	0	0	0	0	0	0	0	0	0	0	0	0	0	0	0	0	0	-1	0	0	2	3	0	0	0	0	0	0	0	12	25	0	0	0	0	6	0	0	0	0	0	0	0	0	0	0	0	0	0	0	1	0	1	0	0	0	0	0	0	0	0	0	0	0	0	0	0	0	0	0	0	0	0	0	0	0	0	0	0	0	0	0	3255	0	0	Wither									0	0	0	0	0	0	0	16712190										0	0	0	0	0	0	0	16712190	Causes the target to wither, instantly damaging them for $m1% of their current health. This damage cannot exceed $s2% of the Warlock’s maximum health. Generates 1 Soul Shard.									0	0	0	0	0	0	0	16712190										0	0	0	0	0	0	0	16712190	8	133	1500	0	5	0	0	262144	0	1	1	0	1	1	1	0	0	0	0	0	0	32	0	0	0	0	0	0	0	0
110023	0	2	0	65536	0	0	0	0	0	8388608	0	0	0	0	0	0	0	0	0	0	0	0	0	0	0	0	0	1	0	0	8	0	0	0	101	0	0	0	0	3	0	0	0	0	0	4	0	0	0	0	0	0	0	0	0	0	0	0	0	0	0	0	0	0	0	0	0	-1	0	0	6	0	0	1	0	0	0	0	0	-8	0	0	0	0	0	6	0	0	0	0	0	0	0	0	290	0	0	0	0	0	0	0	0	0	0	0	0	0	0	0	1	0	0	0	0	0	0	0	0	0	0	0	0	0	0	0	0	0	0	0	346	0	543	0	0	Curse of Idiocy									0	0	0	0	0	0	0	16712190										0	0	0	0	0	0	0	16712190	Curses the target, reducing their chance to critically strike by $m1% for $d. Only one Curse per Warlock can be active on any one target.									0	0	0	0	0	0	0	16712190	Chance to critically strike reduced by $s1%									0	0	0	0	0	0	0	16712190	0	133	1500	0	5	0	0	131072	0	1	1	0	1	1	1	0	0	0	0	0	0	32	0	0	0	0	0	0	0	0
110024	1253	0	0	65536	131072	16	0	0	0	0	268435456	0	0	0	0	0	0	0	0	0	0	0	0	0	0	0	0	1	0	1500	8	0	0	0	101	0	0	0	0	30	0	0	0	0	0	1	0	0	0	0	0	0	0	0	0	0	0	0	0	0	0	0	0	0	0	0	0	-1	0	0	6	6	0	1	1	0	0	0	0	-4	19	0	0	0	0	1	1	0	0	0	0	0	0	0	22	118	0	0	0	0	0	0	0	0	0	0	0	0	0	127	127	0	0	0	0	0	0	0	0	0	0	0	0	0	0	0	0	0	0	0	130	0	89	122	0	Ghastly Armor									0	0	0	0	0	0	0	16712190										0	0	0	0	0	0	0	16712190	Shrouds the caster in ghostly armor, granting a $m1% chance to evade spells and increasing the amount of health generated through spells and effects by $s2% . Only one type of Armor spell can be active on the Warlock at any time. Lasts until cancelled.\
									0	0	0	0	0	0	0	16712190	Granting a $s1% chance to evade spells and increases the amount of health generated through spells and effects by $s2%									0	0	0	0	0	0	0	16712190	0	133	0	0	5	0	0	65536	0	1	1	0	1	1	1	0	0	0	0	0	0	32	0	0	0	0	0	0	0	0
110025	0	0	0	33619968	131077	0	0	0	8192	0	0	0	0	0	0	0	0	0	0	0	0	0	0	0	0	0	0	7	1800000	0	31	0	48142	0	101	0	0	0	0	5	0	0	0	0	0	4	0	0	0	0	0	0	0	0	0	0	0	0	0	0	0	0	0	0	0	0	0	-1	0	0	50	0	0	1	0	0	0	0	0	0	0	0	0	0	0	47	0	0	0	0	0	8	0	0	0	0	0	0	0	0	0	0	0	0	0	0	0	0	0	177193	0	0	0	0	0	0	0	0	0	0	0	0	0	0	0	0	0	0	0	0	4963	0	99	0	50	Ritual of Tower									0	0	0	0	0	0	0	16712190										0	0	0	0	0	0	0	16712190	Begins a ritual that creates a Spirit Tower to guard the area from enemies, shooting shadowy projectiles and draining their souls. The Spirit Tower lasts $d. Requires the caster and 2 additional party members to complete the ritual. In order to participate, all players must right-click the portal and not move until the ritual is complete.									0	0	0	0	0	0	0	16712190										0	0	0	0	0	0	0	16712190	0	133	1500	0	5	1	0	0	0	1	1	0	1	1	1	0	0	0	0	0	0	32	0	0	0	0	1	0	0	0
110026	0	0	0	256	268435456	0	0	0	0	0	0	0	0	0	0	0	0	0	0	0	0	0	0	0	0	0	0	6	0	0	0	0	0	0	101	0	0	60	60	0	0	0	0	0	0	7	0	0	0	0	0	0	0	0	0	0	0	0	0	0	0	0	0	0	0	0	0	-1	0	0	3	0	0	1	0	0	0	0	0	60477	0	0	0	0	0	18	0	0	0	0	0	36	0	0	0	0	0	0	0	0	0	0	0	0	0	0	0	0	0	0	0	0	0	0	0	0	0	0	0	0	0	0	0	0	0	0	0	0	0	0	0	0	1479	0	0	Ritual of Tower Effect									0	0	0	0	0	0	0	16712190										0	0	0	0	0	0	0	16712190	Summons a Tower.									0	0	0	0	0	0	0	16712190										0	0	0	0	0	0	0	16712190	0	0	0	0	0	0	0	0	0	0	0	0	1	1	1	0	0	0	0	0	0	1	0	0	0	0	1	1	0	0
110027	0	0	0	0	0	536870916	262176	2048	0	0	0	0	0	0	0	0	0	0	0	0	0	0	0	0	0	0	0	1	0	0	0	0	0	0	101	0	0	0	0	0	0	0	0	0	0	13	0	0	0	0	0	0	0	0	0	0	0	0	0	0	0	0	0	0	0	0	0	-1	0	0	3	0	0	0	0	0	0	0	0	0	0	0	0	0	0	25	0	0	0	0	0	0	0	0	0	0	0	0	0	0	0	0	0	0	0	0	0	0	0	0	0	0	0	0	0	0	0	0	0	0	0	0	0	0	0	0	0	0	0	0	2519	0	1479	0	0	Ritual of Tower									0	0	0	0	0	0	0	16712190										0	0	0	0	0	0	0	16712190										0	0	0	0	0	0	0	16712190										0	0	0	0	0	0	0	16712190	0	0	0	0	0	0	0	0	0	0	0	0	1	1	1	0	0	0	0	0	0	32	0	0	0	0	1	1	0	0
110028	0	1	0	65536	4	0	128	1048576	0	8388608	0	0	0	0	0	0	0	0	0	0	0	0	0	0	0	0	0	1	0	0	8	0	0	0	101	0	0	0	0	3	0	0	0	0	0	4	0	0	0	0	0	0	0	0	0	0	0	0	0	0	0	0	0	0	0	0	0	-1	0	0	6	6	0	0	0	0	0	0	0	138	0	0	0	0	0	6	6	0	0	0	0	0	0	0	3	23	0	2000	2000	0	0	0	0	0	0	0	0	0	0	0	0	0	0	0	0	0	110101	0	0	0	0	0	0	0	0	0	0	0	0	0	12655	0	2595	0	0	Drain Soul									0	0	0	0	0	0	0	16712190										0	0	0	0	0	0	0	16712190	Drains the soul of the target, causing $o1 Shadow damage over $d. Each time Drain Soul deals damage, the target’s movement speed is reduced by $110029s% for $110029d sec. Stacks up to $110029u times.									0	0	0	0	0	0	0	16712190	Taking shadow damage over time.									0	0	0	0	0	0	0	16712190	0	133	1500	0	5	1	0	0	0	1	1	0	1	1	1	0	0	0	0	0	0	32	0	0	0	0	0	0	0	0
110029	0	0	0	0	0	0	0	0	0	2097152	0	0	0	0	0	0	0	0	0	0	0	0	0	0	0	0	0	1	0	0	0	0	0	0	101	0	0	1	1	27	0	0	0	0	0	174	0	0	5	0	0	0	0	0	0	0	0	0	0	0	0	0	0	0	0	0	0	-1	0	0	6	6	0	1	1	1	0	0	0	-11	19	-1	11	0	0	6	6	6	0	0	0	0	0	0	33	4	118	0	0	0	0	0	0	0	0	0	0	0	0	0	0	127	0	0	0	0	0	0	0	0	0	0	0	0	0	0	1	0	0	0	0	0	27	0	50	Slow									0	0	0	0	0	0	0	16712190										0	0	0	0	0	0	0	16712190										0	0	0	0	0	0	0	16712190	Movement slowed by $s1%.									0	0	0	0	0	0	0	16712190	0	0	0	0	5	1	0	0	0	0	0	0	1	1	1	0	0	0	0	0	0	1	0	0	0	0	0	0	0	0
110030	0	0	0	2147483664	1024	0	1048576	0	8192	0	0	0	0	0	0	0	0	0	0	0	0	0	0	0	0	0	0	1	0	0	0	0	31788	0	101	0	0	0	0	225	0	0	0	0	0	1	0	0	0	0	0	0	0	0	0	0	0	0	0	0	0	0	0	0	0	0	0	-1	0	0	6	0	0	1	1	0	0	0	0	-1	-1	0	0	0	0	1	0	0	0	0	0	0	0	0	23	0	0	2000	0	0	0	0	0	0	0	0	0	0	0	0	0	0	0	0	0	110031	0	0	0	0	0	0	0	0	0	0	0	0	0	0	12038	0	937	0	0	Soul Fragments									0	0	0	0	0	0	0	16712190										0	0	0	0	0	0	0	16712190	Causes $110031m1 Shadow damage to all nearby enemies every $t1 sec. 									0	0	0	0	0	0	0	16712190	Damages all nearby enemies for $110031s1									0	0	0	0	0	0	0	16712190	0	133	0	0	5	0	0	1	0	1	1	0	1	1	1	0	0	0	0	0	0	32	0	0	0	1	0	1	0	0
110031	0	0	0	0	128	541065216	33554432	0	0	0	0	0	0	0	0	0	0	0	0	0	0	0	0	0	0	0	0	1	0	0	0	0	0	0	101	0	0	0	0	0	0	0	0	0	0	1	0	0	0	0	0	0	0	0	0	0	0	0	0	0	0	0	0	0	0	0	0	-1	0	0	2	0	0	0	0	0	0	0	0	136	0	0	0	0	0	18	0	0	16	0	0	14	0	0	0	0	0	0	0	0	0	0	0	0	0	0	0	0	0	0	0	0	0	0	0	0	0	0	0	0	0	0	0	0	0	0	0	0	0	0	2318	0	937	0	0	Soul Fragments									0	0	0	0	0	0	0	16712190										0	0	0	0	0	0	0	16712190										0	0	0	0	0	0	0	16712190										0	0	0	0	0	0	0	16712190	0	0	0	0	5	0	0	1	0	0	0	0	1	1	1	0	0	0	0	0	0	32	0	0	0	0	1	0	0	0
110032	0	0	0	2147483664	1024	0	1048576	0	8192	0	0	2097152	0	0	0	0	0	0	0	0	0	0	0	0	0	0	0	1	0	0	0	0	31788	0	101	0	0	0	0	21	0	0	0	0	0	1	0	0	0	0	0	0	0	0	0	0	0	0	0	0	0	0	0	0	0	0	0	-1	0	0	6	0	0	1	1	0	0	0	0	99	-1	0	0	0	0	1	0	0	0	0	0	0	0	0	17	0	0	0	0	0	0	0	0	0	0	0	0	0	0	0	0	0	0	0	0	0	0	0	0	0	0	0	0	0	0	0	0	0	0	0	12038	0	209	0	0	True Sight									0	0	0	0	0	0	0	16712190										0	0	0	0	0	0	0	16712190	Moderately increases stealth detection.\
									0	0	0	0	0	0	0	16712190	Moderately increases stealth detection.\
									0	0	0	0	0	0	0	16712190	0	133	0	0	5	0	0	0	0	1	1	0	1	1	1	0	0	0	0	0	0	32	0	0	0	0	0	1	0	0
110033	1225	0	0	65536	0	0	0	0	0	0	0	0	0	0	0	0	0	0	1	0	0	0	0	0	0	0	0	16	30000	0	12	0	0	0	101	0	0	0	0	0	4294967294	0	0	0	0	4	0	0	0	0	0	0	0	0	0	0	0	0	0	0	0	0	0	0	0	0	0	-1	0	0	2	3	3	0	0	0	0	0	0	142	5	2	0	0	0	6	0	0	0	0	0	0	0	0	0	0	0	0	0	0	1	0	1	0	0	0	0	0	0	0	0	0	0	0	0	0	0	0	0	0	0	0	0	0	0	0	0	0	0	0	0	0	2326	0	0	Devour Magic									0	0	0	0	0	0	0	16712190										0	0	0	0	0	0	0	16712190	Consume all your active Shadow damage-over-time effects on the target, dealing ${$m1+0.2*$SP} Shadow damage to the target and restoring $s2% of your maximum health for each effect consumed. Generates $s3 Soul Shards.									0	0	0	0	0	0	0	16712190										0	0	0	0	0	0	0	16712190	8	133	1500	0	5	0	0	32768	0	1	1	0	1	1	1	0	0	0	0	0	0	32	0	0	0	0	0	0	0	0
110034	0	1	0	65536	0	0	128	1048576	0	8388608	0	0	0	0	0	0	0	0	0	0	0	0	0	0	0	0	0	16	12000	0	8	0	0	0	101	0	0	0	0	32	0	0	0	0	0	4	0	0	0	0	0	0	0	0	0	0	0	0	0	0	0	0	0	0	0	0	0	-1	0	0	6	6	6	0	0	0	0	0	0	59	-60	-60	0	0	0	6	6	6	0	0	0	0	0	0	3	33	138	1000	0	0	0	0	0	0	0	0	0	0	0	0	0	0	0	0	0	0	0	0	0	0	0	0	0	0	0	0	0	0	0	0	824	0	96	0	0	Cripple									0	0	0	0	0	0	0	16712190										0	0	0	0	0	0	0	16712190	Cripples the target, initially reducing their movement speed and attack speed by $s2 and dealing ${$o1+0.6*$SP} Shadow damage over $d sec. The target regains 10% of their movement speed and attack speed each second. Cripple damage is unable to critically strike.\
									0	0	0	0	0	0	0	16712190	Taking shadow damage over time and affected by a fading slow.									0	0	0	0	0	0	0	16712190	0	133	1500	0	5	0	0	16384	0	1	1	0	1	1	1	0	0	0	0	0	0	32	0	0	0	0	0	0	0	0
110035	0	0	0	327696	0	67108864	262144	2048	0	8388608	0	2097152	0	0	0	0	0	0	0	0	0	0	0	0	0	0	0	1	8000	0	0	0	0	0	101	0	0	0	0	27	1	0	0	0	0	4	0	0	0	0	0	0	0	0	0	0	0	0	0	0	0	0	0	0	0	0	0	-1	0	0	114	6	0	0	0	0	0	0	0	0	0	0	0	0	0	6	6	0	0	0	0	0	0	0	0	11	0	0	0	0	0	0	0	0	0	0	0	0	0	0	0	0	0	0	0	0	0	0	0	0	0	0	0	0	0	0	0	0	0	0	34	0	24	0	0	Irritate									0	0	0	0	0	0	0	16712190										0	0	0	0	0	0	0	16712190	Taunts the target to attack you, but has no effect if the target is already attacking you. Cannot be resisted or miss. 									0	0	0	0	0	0	0	16712190	Taunted.									0	0	0	0	0	0	0	16712190	0	0	0	0	5	0	0	8192	0	1	1	0	1	1	1	0	0	0	0	0	0	32	0	0	0	1	0	0	0	0
110036	0	0	0	0	163840	0	0	0	393224	0	0	2097152	0	0	0	0	0	0	0	0	0	0	0	0	0	0	0	1	45000	0	0	0	0	0	101	0	0	0	0	407	4294967294	0	0	0	0	1	0	0	0	0	0	0	0	0	0	0	0	0	0	0	0	0	0	0	0	0	0	-1	0	0	6	138	0	0	0	0	0	0	0	0	90	0	0	0	0	1	0	0	0	0	0	0	0	0	77	0	0	0	0	0	0	0	0	0	0	0	0	0	0	1	125	0	0	0	0	0	0	0	0	0	0	0	0	0	0	0	0	0	0	0	86	0	71	0	0	Demon Flight									0	0	0	0	0	0	0	16712190										0	0	0	0	0	0	0	16712190	Leap forwards, removing all movement impairing effects.									0	0	0	0	0	0	0	16712190										0	0	0	0	0	0	0	16712190	8	0	0	0	5	0	0	4096	0	0	0	0	1	1	1	0	0	0	0	0	0	32	0	0	0	0	0	0	0	0
110037	0	0	0	65536	16388	2056	0	0	0	0	0	2097152	0	0	0	0	0	0	0	0	0	0	0	0	0	0	0	1	180000	0	15	0	31756	0	101	0	0	0	0	28	4294967294	0	0	0	0	5	0	0	0	0	0	0	0	0	0	0	0	0	0	0	0	0	0	0	0	0	0	-1	0	0	6	6	0	0	0	0	0	0	0	0	0	0	0	0	0	5	1	0	0	0	0	0	0	0	23	23	0	1000	1000	0	0	0	0	0	0	0	0	0	0	0	0	0	0	0	0	110039	110038	0	0	0	0	0	0	0	0	0	0	0	0	0	163	0	153	0	0	Demonic Transfusion									0	0	0	0	0	0	0	16712190										0	0	0	0	0	0	0	16712190	Transfuses maddening energy to your demon for $d, increasing their damage dealt by $m1% per second while reducing your own damage dealt by $s2% per second. The transfusion effect persists for an additional $d once the channel is finished.									0	0	0	0	0	0	0	16712190	Transfusing maddening energy to your demon for $d, increasing their damage dealt by $s1% per second while reducing your own damage dealt by $s2% per second.									0	0	0	0	0	0	0	16712190	12	133	1500	0	5	0	0	2048	0	1	1	0	1	1	1	0	0	0	0	0	0	32	0	0	0	0	0	0	0	0
110038	0	0	0	67109120	0	0	0	0	0	0	0	0	0	0	0	0	0	0	0	0	0	0	0	0	0	0	0	1	0	0	0	0	0	0	101	0	0	0	0	28	0	0	0	0	0	187	0	0	5	0	0	0	0	0	0	0	0	0	0	0	0	0	0	0	0	0	0	-1	0	0	0	6	0	0	0	0	0	0	0	-10	-10	0	0	0	0	1	1	0	0	0	0	0	0	0	61	79	0	0	0	0	0	0	0	0	0	0	0	0	0	0	1	0	0	0	0	0	0	0	0	0	0	0	0	0	0	0	0	0	0	0	737	0	167	0	0	Demonic Transfusion									0	0	0	0	0	0	0	16712190										0	0	0	0	0	0	0	16712190										0	0	0	0	0	0	0	16712190										0	0	0	0	0	0	0	16712190	0	0	0	0	5	0	0	2048	0	0	0	0	1	1	0	0	0	0	0	0	0	32	0	0	0	0	0	0	0	0
110039	0	0	0	67109120	0	0	0	0	0	0	0	0	0	0	0	0	0	0	0	0	0	0	0	0	0	0	0	1	0	0	0	0	0	0	101	0	0	0	0	28	0	0	0	0	0	187	0	0	5	0	0	0	0	0	0	0	0	0	0	0	0	0	0	0	0	0	0	-1	0	0	0	6	0	0	0	0	0	0	0	-10	10	0	0	0	0	1	1	0	0	0	0	0	0	0	61	79	0	0	0	0	0	0	0	0	0	0	0	0	0	0	1	0	0	0	0	0	0	0	0	0	0	0	0	0	0	0	0	0	0	0	737	0	167	0	0	Demonic Transfusion									0	0	0	0	0	0	0	16712190										0	0	0	0	0	0	0	16712190										0	0	0	0	0	0	0	16712190										0	0	0	0	0	0	0	16712190	0	0	0	0	5	0	0	2048	0	0	0	0	1	1	0	0	0	0	0	0	0	32	0	0	0	0	0	0	0	0
110040	0	0	0	262160	134218240	0	1024	0	0	0	0	0	0	0	0	0	0	0	1	0	0	0	0	0	0	0	0	1	12000	0	0	0	0	0	101	0	0	0	0	0	0	0	0	0	0	2	0	0	1	0	0	0	0	0	0	0	0	0	0	0	0	0	0	0	0	0	0	2	173555	0	2	3	3	0	1	1	0	0	0	210	42	11	0	0	0	6	6	6	0	0	0	0	0	0	0	0	0	0	0	0	0	0	0	0	0	0	0	0	0	0	0	0	0	0	0	0	0	0	0	0	0	0	0	0	0	0	0	0	0	0	11832	0	2623	0	50	Mortal Strike									0	0	0	0	0	0	0	16712190										0	0	0	0	0	0	0	16712190	A vicious strike that deals ${$m1+0.42*$SP} damage.									0	0	0	0	0	0	0	16712190										0	0	0	0	0	0	0	16712190	3	133	1500	0	5	0	0	1024	0	2	2	0	1	1	1	0	0	0	0	0	0	32	0	0	0	0	0.2	0	0	0
110041	0	0	0	0	16900	0	0	0	0	8388608	0	0	0	0	0	0	0	0	1	0	0	0	0	0	0	0	0	1	60000	0	15	0	0	0	101	0	0	0	0	27	0	0	0	0	0	141	0	0	0	0	0	0	0	0	0	0	0	0	0	0	0	0	0	0	0	0	0	-1	0	0	68	6	6	1	0	0	0	0	0	-1	0	0	26	0	0	6	6	6	0	0	0	0	0	0	0	26	27	0	0	0	0	0	0	0	0	0	0	0	0	0	0	0	0	0	0	0	0	0	0	0	0	0	0	0	0	0	0	0	0	0	11153	0	77	0	0	Strangulate									0	0	0	0	0	0	0	16712190										0	0	0	0	0	0	0	16712190	Strangulates an enemy, silencing and rooting them for $d. Non-player victim spellcasting is also interrupted for $d.\
									0	0	0	0	0	0	0	16712190										0	0	0	0	0	0	0	16712190	24	0	0	0	5	0	0	512	0	1	1	0	1	1	1	0	0	0	0	0	0	32	0	0	0	0	0	0	0	0
110042	0	0	0	80	0	0	0	0	0	0	268435456	0	0	0	0	0	0	0	0	0	0	0	0	0	0	0	0	1	0	0	0	0	0	0	0	0	0	0	0	0	0	0	0	0	0	4	0	0	0	0	0	0	0	0	0	0	0	0	0	0	0	0	0	0	0	0	0	-1	0	0	65	0	0	1	1	0	0	0	0	4	0	0	0	0	0	1	0	0	0	0	0	10	0	0	216	0	0	0	0	0	0	0	0	0	0	0	0	0	0	0	0	0	0	0	0	0	0	0	0	0	0	0	0	0	0	0	0	0	0	0	0	0	216	0	0	Charming Presence									0	0	0	0	0	0	0	16712190										0	0	0	0	0	0	0	16712190	Increases spell haste of all party and raid members by $m1%.									0	0	0	0	0	0	0	16712190	Increases spell haste by $s1%.									0	0	0	0	0	0	0	16712190	0	0	0	0	15	0	0	0	0	0	0	0	1	1	1	0	0	0	0	0	0	1	0	0	0	0	0	0	0	0
110043	0	1	0	65536	16388	0	0	0	0	0	0	0	0	0	0	0	0	0	1	0	0	0	0	0	0	0	0	1	48000	0	15	0	31756	0	101	0	0	0	0	0	0	0	0	0	0	4	0	0	0	0	0	0	0	0	0	0	0	0	0	0	0	0	0	0	0	0	0	-1	0	0	6	38	0	0	1	0	0	0	0	0	0	0	0	0	0	25	25	0	0	0	0	0	0	0	23	0	0	3000	0	0	0	0	0	0	0	0	0	0	0	0	0	0	0	0	0	110044	0	0	0	0	0	0	0	0	0	0	0	0	0	0	12655	0	546	0	0	Purifying Beam									0	0	0	0	0	0	0	16712190										0	0	0	0	0	0	0	16712190	Channels a beam of shadow energy, instantly purging 1 harmful magic effect from a friend or 1 beneficial magic effect from an enemy and then another every $t1 sec for up to $d sec.									0	0	0	0	0	0	0	16712190	Purging a beneficial magic effect every $t1.									0	0	0	0	0	0	0	16712190	15	133	1500	0	5	16	0	0	0	1	1	0	1	1	1	0	0	0	0	0	0	32	0	0	0	0	0	0	0	0
110044	0	1	0	65536	0	0	0	0	0	0	0	0	0	0	0	0	0	0	1	0	0	0	0	0	0	0	0	1	0	0	0	0	31756	0	101	0	0	0	0	0	0	0	0	0	0	187	0	0	0	0	0	0	0	0	0	0	0	0	0	0	0	0	0	0	0	0	0	-1	0	0	0	38	0	0	1	0	0	0	0	0	0	0	0	0	0	0	25	0	0	0	0	0	0	0	0	0	0	0	0	0	0	0	0	0	0	0	0	0	0	0	0	0	0	0	0	0	0	0	0	0	0	0	0	0	0	0	0	0	0	0	0	0	546	0	0	Purifying Beam									0	0	0	0	0	0	0	16712190										0	0	0	0	0	0	0	16712190										0	0	0	0	0	0	0	16712190										0	0	0	0	0	0	0	16712190	0	0	0	0	5	0	0	0	0	1	1	0	1	1	1	0	0	0	0	0	0	32	0	0	0	0	0	0	0	0
110045	0	0	2	0	131072	0	0	0	0	0	0	0	0	0	0	0	0	0	0	0	0	0	0	0	0	0	0	3	45000	0	0	0	0	0	101	0	0	0	0	39	0	0	0	0	0	4	20	0	0	0	0	0	0	0	0	0	0	0	0	0	0	0	0	0	0	0	0	-1	0	0	42	2	6	1	0	0	0	0	0	299	233	0	0	0	0	53	6	6	0	0	0	0	0	0	0	0	12	0	0	0	0	0	0	0	0	0	0	0	0	100	0	0	0	0	0	0	0	0	0	0	0	0	0	0	0	0	0	0	0	0	13735	0	2018	0	0	Perplex									0	0	0	0	0	0	0	16712190										0	0	0	0	0	0	0	16712190	Jumps on an enemy target, dealing ${$s2+0.43*$SP} damage and disorienting them for $s3 sec.									0	0	0	0	0	0	0	16712190	Disoriented.									0	0	0	0	0	0	0	16712190	0	0	0	0	5	1	0	0	0	0	0	0	1	1	1	0	0	0	0	0	0	32	0	0	0	0	0	0	0	0
110046	0	0	0	16	0	0	0	0	0	0	0	0	0	0	0	0	0	0	0	0	0	0	0	0	0	0	0	1	10000	0	0	0	0	0	101	0	0	0	0	1	0	0	0	0	0	4	0	0	0	0	0	0	0	0	0	0	0	0	0	0	0	0	0	0	0	0	0	-1	0	0	0	6	0	0	1	0	0	0	0	0	4	0	0	0	0	0	6	0	0	0	0	0	0	0	0	87	0	0	0	0	0	0	0	0	0	0	0	0	0	0	4	0	0	0	0	0	0	0	0	0	0	0	0	0	0	0	0	0	0	0	10970	0	678	0	0	Searing Wound									0	0	0	0	0	0	0	16712190										0	0	0	0	0	0	0	16712190	Finds a weak point on the enemy target, increasing Fire damage received by $s2%. Lasts $d.									0	0	0	0	0	0	0	16712190	Increases Fire damage taken by $s2%.									0	0	0	0	0	0	0	16712190	6	0	0	0	5	2	0	0	0	0	0	0	1	1	1	0	0	0	0	0	0	4	0	0	0	0	0	0	0	0
110047	0	6	0	327680	1024	0	512	0	0	0	0	0	0	0	0	0	0	0	0	0	0	12	0	0	0	0	0	1	60000	0	4	15367	0	0	101	0	0	0	0	8	0	0	0	0	0	1	0	0	0	0	0	0	0	0	0	0	0	0	0	0	0	0	0	0	0	0	0	-1	0	0	79	64	6	0	0	1	0	0	0	0	0	999	0	0	0	1	1	1	0	0	0	0	0	0	0	0	19	0	0	0	0	0	0	0	0	0	0	0	0	0	0	0	0	0	0	0	42292	0	0	0	0	0	0	0	0	0	0	0	0	0	7707	0	2308	0	0	Vanish									0	0	0	0	0	0	0	16712190										0	0	0	0	0	0	0	16712190	Fades the caster to invisibility over $66d, reducing threat each second.  The effect is cancelled if you perform or receive any actions.  While invisible, you can only see other invisible targets and those who can see invisible.  Lasts $32612d.									0	0	0	0	0	0	0	16712190	Invisible.									0	0	0	0	0	0	0	16712190	11	0	0	0	5	0	0	1	0	0	1	0	1	1	1	0	0	0	0	0	0	32	0	0	0	0	0	0	0	0
110048	0	0	0	80	0	0	0	0	0	0	268435456	0	0	0	0	0	0	0	0	0	0	0	0	0	0	0	0	1	0	0	0	0	0	0	0	0	0	0	0	0	0	0	0	0	0	4	0	0	0	0	0	0	0	0	0	0	0	0	0	0	0	0	0	0	0	0	0	-1	0	0	65	0	0	1	1	0	0	0	0	4	0	0	0	0	0	1	0	0	0	0	0	10	0	0	138	0	0	0	0	0	0	0	0	0	0	0	0	0	0	0	0	0	0	0	0	0	0	0	0	0	0	0	0	0	0	0	0	0	0	0	0	0	2729	0	0	Fel Presence									0	0	0	0	0	0	0	16712190										0	0	0	0	0	0	0	16712190	Increases melee attack speed of all party and raid members by $m1%.									0	0	0	0	0	0	0	16712190	Increases melee attack speed by $s1%.									0	0	0	0	0	0	0	16712190	0	0	0	0	15	0	0	0	0	0	0	0	1	1	1	0	0	0	0	0	0	1	0	0	0	0	0	0	0	0
110049	0	0	0	80	0	0	0	0	0	0	268435456	0	0	0	0	0	0	0	0	0	0	0	0	0	0	0	0	1	0	0	0	0	0	0	0	0	0	0	0	0	0	0	0	0	0	4	0	0	0	0	0	0	0	0	0	0	0	0	0	0	0	0	0	0	0	0	0	-1	0	0	65	0	0	1	1	0	0	0	0	4	0	0	0	0	0	1	0	0	0	0	0	10	0	0	142	0	0	0	0	0	0	0	0	0	0	0	0	0	0	1	0	0	0	0	0	0	0	0	0	0	0	0	0	0	0	0	0	0	0	0	0	0	1985	0	0	Nether Plate									0	0	0	0	0	0	0	16712190										0	0	0	0	0	0	0	16712190	Increases armor of all party and raid members by $m1%.									0	0	0	0	0	0	0	16712190	Increases armor by $s1%.									0	0	0	0	0	0	0	16712190	0	0	0	0	15	0	0	0	0	0	0	0	1	1	1	0	0	0	0	0	0	1	0	0	0	0	0	0	0	0
110050	0	0	0	65536	131072	0	0	0	2	0	0	0	0	0	0	0	0	0	0	0	0	0	0	0	0	0	0	14	0	0	15	0	0	0	101	0	0	0	0	0	4294967294	0	0	0	0	1	0	0	0	0	0	6265	0	0	0	0	0	0	0	1	0	0	0	0	0	0	0	-1	0	0	24	0	0	1	0	0	0	0	0	0	0	0	0	0	0	1	0	0	0	0	0	0	0	0	0	0	0	0	0	0	0	0	0	0	0	0	41170	0	0	0	0	0	0	0	0	0	0	0	0	0	0	0	0	0	0	0	0	0	0	0	4800	0	1506	0	0	Create Firestone									0	0	0	0	0	0	0	16712190										0	0	0	0	0	0	0	16712190	Creates a Firestone that can be applied to a weapon, granting each attack a $110051h% chance to deal an additional ${$110052m1+0.1*$SP} Fire damage to all enemies within $110052a1 yards of the target. In addition, increases damage dealt by direct spells by $110051m1% and spell critical strike chance by $110051s3%. Lasts 1 hour.									0	0	0	0	0	0	0	16712190										0	0	0	0	0	0	0	16712190	30	133	1500	0	5	1048576	0	0	0	1	1	0	1	1	1	0	0	0	0	0	0	4	0	0	0	1	0	0	0	0
110051	0	0	0	192	0	0	0	0	0	0	0	0	0	0	0	0	0	0	0	0	0	0	0	0	0	0	0	1	0	0	0	0	0	4	50	0	0	0	0	0	0	0	0	0	0	1	0	0	0	0	0	0	0	0	0	0	0	0	0	0	0	0	0	0	0	0	0	-1	0	0	6	6	6	1	0	1	0	0	0	4	0	2	0	0	0	1	1	1	0	0	0	0	0	0	108	42	57	0	0	0	0	0	0	0	0	0	0	0	0	20	0	1024	0	0	0	0	110052	0	0	0	0	524677	8851666	0	0	0	0	0	0	0	0	0	1	0	0	Firestone									0	0	0	0	0	0	0	16712190										0	0	0	0	0	0	0	16712190	When applied to a weapon, grants each attack a $110051h% chance to deal an additional ${$110052m1+0.1*$SP} Fire damage to all enemies within $110052a1 yards of the target. In addition, increases damage dealt by direct spells by $110051m1% and spell critical strike chance by $110051s3%. Lasts 1 hour.									0	0	0	0	0	0	0	16712190										0	0	0	0	0	0	0	16712190	0	0	0	0	5	2097152	0	0	0	0	0	0	1	1	1	0	0	0	0	0	0	4	0	0	0	0	0	1	0	0
110052	0	0	0	65536	136	0	0	0	0	0	0	0	0	0	0	0	0	0	0	0	0	0	0	0	0	0	0	1	0	0	8	0	0	0	101	0	0	0	0	0	0	0	0	0	0	7	0	0	0	0	0	0	0	0	0	0	0	0	0	0	0	0	0	0	0	0	0	-1	0	0	2	0	0	0	0	0	1	0	0	0	0	0	0	0	0	22	0	0	15	0	0	13	0	0	0	0	0	0	0	0	0	0	0	0	0	0	0	0	0	0	0	0	0	0	0	0	0	0	0	0	0	0	0	0	0	0	0	0	0	0	965	0	122	0	0	Firestone Explosion									0	0	0	0	0	0	0	16712190										0	0	0	0	0	0	0	16712190	Causes an explosion of fire magic around the caster, causing $m1 Fire damage to all targets within $a1 yards.									0	0	0	0	0	0	0	16712190										0	0	0	0	0	0	0	16712190	22	133	0	0	5	0	0	512	0	1	1	0	1	1	1	0	0	0	0	0	0	4	0	0	0	0	0	0	0	0
110053	0	0	0	262144	0	8192	0	0	0	0	0	0	0	0	0	16	0	0	0	0	0	0	0	0	0	0	0	14	0	0	15	0	0	0	101	0	0	0	15	0	0	0	0	0	0	1	0	0	0	0	0	0	0	0	0	0	0	0	0	0	0	0	0	0	0	0	0	2	1	6430720	54	0	0	1	0	0	0	0	0	1799	0	0	0	0	0	0	0	0	0	0	0	0	0	0	0	0	0	0	0	0	0	0	0	0	0	0	0	0	0	3610	0	0	0	0	0	0	0	0	0	0	0	0	0	0	0	0	0	0	0	0	3182	0	1735	0	0	Firestone									0	0	0	0	0	0	0	16712190										0	0	0	0	0	0	0	16712190	When applied to a weapon, grants each attack a $110051h% chance to deal an additional ${$110052m1+0.1*$SP} Fire damage to all enemies within $110052a1 yards of the target. In addition, increases damage dealt by direct spells by $110051m1% and spell critical strike chance by $110051s3%. Lasts 1 hour.									0	0	0	0	0	0	0	16712190										0	0	0	0	0	0	0	16712190	0	0	0	0	5	0	0	0	0	0	0	0	1	1	1	0	0	0	0	0	0	1	0	0	0	0	0	0	0	0
110054	0	0	0	65536	131072	0	0	0	2	0	0	0	0	0	0	0	0	0	0	0	0	0	0	0	0	0	0	14	0	0	15	0	0	0	101	0	0	0	0	0	4294967294	0	0	0	0	1	0	0	0	0	0	6265	0	0	0	0	0	0	0	1	0	0	0	0	0	0	0	-1	0	0	24	0	0	1	0	0	0	0	0	0	0	0	0	0	0	1	0	0	0	0	0	0	0	0	0	0	0	0	0	0	0	0	0	0	0	0	41170	0	0	0	0	0	0	0	0	0	0	0	0	0	0	0	0	0	0	0	0	0	0	0	4800	0	1506	0	0	Create Spellstone									0	0	0	0	0	0	0	16712190										0	0	0	0	0	0	0	16712190	Creates a Spellstone that can be applied to a weapon, granting each attack a $110055h% chance to apply a shield that absorbs ${$110056m1+02*$SP} Spell damage. In addition, increases damage dealt by direct spells by $110055m1% and spell critical strike chance by $110055s3%. Lasts 1 hour.									0	0	0	0	0	0	0	16712190										0	0	0	0	0	0	0	16712190	30	133	1500	0	5	1048576	0	0	0	1	1	0	1	1	1	0	0	0	0	0	0	4	0	0	0	1	0	0	0	0
110055	0	0	0	192	0	0	0	0	0	0	0	0	0	0	0	0	0	0	0	0	0	0	0	0	0	0	0	1	0	0	0	0	0	4	30	0	0	0	0	0	0	0	0	0	0	1	0	0	0	0	0	0	0	0	0	0	0	0	0	0	0	0	0	0	0	0	0	-1	0	0	6	6	6	1	0	1	0	0	0	4	0	2	0	0	0	1	1	1	0	0	0	0	0	0	108	42	57	0	0	0	0	0	0	0	0	0	0	0	0	20	0	1024	0	0	0	0	110056	0	0	0	0	524677	8851666	0	0	0	0	0	0	0	0	0	1	0	0	Spellstone									0	0	0	0	0	0	0	16712190										0	0	0	0	0	0	0	16712190	Creates a Spellstone that can be applied to a weapon, granting each attack a $110055h% chance to apply a shield that absorbs ${$110056m1+02*$SP} Spell damage. In addition, increases damage dealt by direct spells by $110055m1% and spell critical strike chance by $110055s3%. Lasts 1 hour.									0	0	0	0	0	0	0	16712190										0	0	0	0	0	0	0	16712190	0	0	0	0	5	2097152	0	0	0	0	0	0	1	1	1	0	0	0	0	0	0	4	0	0	0	0	0	1	0	0
110056	0	1	19	329728	0	2621440	0	0	0	0	0	134217728	0	0	0	0	0	0	0	0	0	0	0	0	0	0	6788	1	0	0	8	0	0	0	101	0	0	0	0	28	0	0	0	0	0	1	0	0	0	0	0	0	0	0	0	0	0	0	0	0	0	0	0	0	0	0	0	-1	0	0	6	0	0	0	0	0	1	0	0	0	0	0	0	0	0	21	0	0	0	0	0	0	0	0	69	0	0	0	0	0	0	0	0	0	0	0	0	0	0	126	0	0	0	0	0	0	0	0	0	0	0	0	0	0	0	0	0	0	0	0	784	0	566	0	0	Shield									0	0	0	0	0	0	0	16712190										0	0	0	0	0	0	0	16712190	Draws on the soul of the friendly target to shield them, absorbing $m1 damage.  Lasts $d.  While the shield holds, spellcasting will not be interrupted by damage.  Once shielded, the target cannot be shielded again for $6788d.									0	0	0	0	0	0	0	16712190	Absorbs damage.									0	0	0	0	0	0	0	16712190	0	133	0	0	5	0	0	256	0	0	0	0	1	1	1	0	0	0	0	0	0	32	0	0	0	0	1	0	0	0
110057	0	0	0	262144	0	8192	0	0	0	0	0	0	0	0	0	16	0	0	0	0	0	0	0	0	0	0	0	14	0	0	15	0	0	0	101	0	0	0	15	0	0	0	0	0	0	1	0	0	0	0	0	0	0	0	0	0	0	0	0	0	0	0	0	0	0	0	0	2	1	6430720	54	0	0	1	0	0	0	0	0	1799	0	0	0	0	0	0	0	0	0	0	0	0	0	0	0	0	0	0	0	0	0	0	0	0	0	0	0	0	0	3610	0	0	0	0	0	0	0	0	0	0	0	0	0	0	0	0	0	0	0	0	3182	0	1735	0	0	Spellstone									0	0	0	0	0	0	0	16712190										0	0	0	0	0	0	0	16712190	Creates a Spellstone that can be applied to a weapon, granting each attack a $110055h% chance to apply a shield that absorbs ${$110056m1+02*$SP} Spell damage. In addition, increases damage dealt by direct spells by $110055m1% and spell critical strike chance by $110055s3%. Lasts 1 hour.									0	0	0	0	0	0	0	16712190										0	0	0	0	0	0	0	16712190	0	0	0	0	5	0	0	0	0	0	0	0	1	1	1	0	0	0	0	0	0	1	0	0	0	0	0	0	0	0
110058	0	0	0	65536	0	0	0	0	0	0	0	0	0	0	0	0	0	0	1	0	0	0	0	0	0	0	0	1	90000	0	15	0	0	0	101	0	0	0	0	29	0	0	0	0	0	4	12	0	0	0	0	0	0	0	0	0	0	0	0	0	0	0	0	0	0	0	0	-1	0	0	0	6	0	0	0	0	0	0	0	0	3	0	0	0	0	0	6	0	0	0	0	0	0	0	0	196	0	0	0	0	0	0	0	0	0	0	0	0	0	0	0	0	0	0	0	0	0	0	0	0	0	0	0	0	0	0	0	0	0	0	64	0	1690	0	0	Bane of Portals									0	0	0	0	0	0	0	16712190										0	0	0	0	0	0	0	16712190	Afflicts the target with a powerful bane that increases ability cooldowns by $t2 sec. Lasts $d. When the spell expires, the target received ${$m1+0.43*$SP} Shadow damage. Cannot be dispelled.									0	0	0	0	0	0	0	16712190	Increases ability cooldowns by $s2 seconds.\
Cannot be dispelled									0	0	0	0	0	0	0	16712190	0	133	1500	0	5	0	0	256	0	1	0	0	1	1	1	0	0	0	0	0	0	32	0	0	0	0	0	0	0	0
110059	0	0	0	0	0	0	0	0	0	0	0	0	0	0	0	0	0	0	0	0	0	0	0	0	0	0	0	1	0	0	9	0	0	0	101	0	0	0	0	0	4294967294	0	0	0	0	187	0	0	0	0	0	0	0	0	0	0	0	0	0	0	0	0	0	0	0	0	0	-1	0	0	2	0	0	0	0	0	0	0	0	570	0	0	0	0	0	6	0	0	0	0	0	0	0	0	0	0	0	0	0	0	0	0	0	0	0	0	0	0	0	0	0	0	0	0	0	0	0	0	0	0	0	0	0	0	0	0	0	0	0	0	0	0	1690	0	0	Bane of Portals									0	0	0	0	0	0	0	16712190										0	0	0	0	0	0	0	16712190	Throws a fiery boulder at the enemy target, dealing ${$m1+0.42*$SP} Chaos damage and knocking them down for $d sec									0	0	0	0	0	0	0	16712190	Knocked Down.									0	0	0	0	0	0	0	16712190	0	0	0	0	5	0	0	256	0	1	1	0	1	1	1	0	0	0	0	0	0	32	0	0	0	0	1	1	0	0
110060	0	0	0	65536	0	0	128	1048576	32	0	0	0	0	0	0	0	0	0	0	0	0	0	0	0	0	0	0	1	0	0	8	0	0	0	101	0	0	0	0	9	0	0	0	0	0	4	0	0	0	0	0	0	0	0	0	0	0	0	0	0	0	0	0	0	0	0	0	-1	0	0	6	0	0	0	0	0	0	0	0	1344	0	0	0	0	0	6	0	0	0	0	0	0	0	0	3	0	0	29000	0	0	0	0	0	0	0	0	0	0	0	0	0	0	0	0	0	0	0	0	0	0	0	0	0	0	0	0	0	0	0	0	824	0	544	0	0	DOOM									0	0	0	0	0	0	0	16712190										0	0	0	0	0	0	0	16712190	Inflicts impending doom on the target, causing ${$m1+1.2*$SP} Shadow damage after 30 sec. This spell can only affect one target at a time, is unable to critically strike and cannot be dispelled. Doom damage generates 3 Soul Shard									0	0	0	0	0	0	0	16712190	Will take tons of damage upon this expiring.									0	0	0	0	0	0	0	16712190	0	133	1500	0	5	0	0	128	0	1	1	0	1	1	1	0	0	0	0	0	0	32	0	0	0	0	0	0	0	0
110061	30	0	0	0	0	0	0	0	0	0	0	0	0	0	0	0	0	0	0	0	0	0	0	0	0	0	0	1	0	90000	0	0	0	0	101	0	0	0	0	0	0	0	0	0	0	1	0	0	0	0	0	0	0	0	0	0	0	0	0	1	0	0	0	0	0	0	0	-1	0	0	0	136	0	0	0	0	0	0	0	0	25	0	0	0	0	1	1	0	0	0	0	0	0	0	0	0	0	0	0	0	0	0	0	0	0	0	0	0	0	0	0	0	0	0	0	0	0	0	0	0	0	0	0	0	0	0	0	0	0	0	240	0	284	0	0	Healthstone									0	0	0	0	0	0	0	16712190										0	0	0	0	0	0	0	16712190	Consume a Healthstone to instantly restore $s2% of your total health.									0	0	0	0	0	0	0	16712190										0	0	0	0	0	0	0	16712190	0	0	1500	0	5	65536	0	0	0	1	2	0	1	1	1	0	0	0	0	0	0	32	0	0	0	0	0	0	0	0
110062	1253	0	0	327696	0	0	0	128	0	0	0	0	0	0	0	0	0	0	0	0	0	0	0	0	0	0	0	1	0	1500	0	0	0	0	101	0	0	0	0	165	0	0	0	0	0	1	0	0	3	0	0	0	0	0	0	0	0	0	0	0	0	0	0	0	0	0	0	-1	0	0	6	6	0	1	0	0	0	0	0	9	10	0	0	0	0	5	5	0	0	0	0	12	12	0	193	13	0	0	0	0	0	0	0	0	0	0	0	0	0	0	0	0	0	0	0	0	0	0	0	0	0	0	0	0	0	0	0	0	0	0	14331	0	1661	0	0	Demonic Empowerment									0	0	0	0	0	0	0	16712190										0	0	0	0	0	0	0	16712190	Increases the damage and attack speed of your summoned demon by $m1% for $d sec, stacking up to $u times. Castable while casting other spells.									0	0	0	0	0	0	0	16712190	Attack speed and damage increased.									0	0	0	0	0	0	0	16712190	0	0	0	0	5	0	0	64	0	0	2	0	1	1	1	0	0	0	0	0	0	32	0	0	0	0	1	1	0	0
110063	1253	0	0	327696	0	0	0	128	0	0	0	0	0	0	0	0	0	0	0	0	0	0	0	0	0	0	0	1	0	1500	0	0	0	0	101	0	0	0	0	165	0	0	0	0	0	1	0	0	2	0	0	0	0	0	0	0	0	0	0	0	0	0	0	0	0	0	0	-1	0	0	6	0	0	0	0	0	0	0	0	-15	10	0	0	0	0	5	5	0	0	0	0	12	12	0	14	0	0	0	0	0	0	0	0	0	0	0	0	0	0	0	0	0	0	0	0	0	0	0	0	0	0	0	0	0	0	0	0	0	0	0	14331	0	1661	0	0	Demonic Retreat									0	0	0	0	0	0	0	16712190										0	0	0	0	0	0	0	16712190	Decreases the damage taken by your summoned demon by $m1% for $d, stacking up to $u times. Castable while casting other spells.									0	0	0	0	0	0	0	16712190	Damage taken reduced.									0	0	0	0	0	0	0	16712190	0	0	0	0	5	0	0	64	0	0	2	0	1	1	1	0	0	0	0	0	0	32	0	0	0	0	1	1	0	0
110064	1253	0	0	327696	0	0	0	128	0	0	0	0	0	0	0	0	0	0	0	0	0	0	0	0	0	0	0	1	60000	1500	0	0	0	0	101	0	0	0	0	28	0	0	0	0	0	1	0	0	1	0	0	0	0	0	0	0	0	0	0	0	0	0	0	0	0	0	0	-1	0	0	6	6	0	1	1	0	0	0	0	99	99	0	0	0	0	5	5	0	0	0	0	12	12	0	117	117	0	0	0	0	0	0	0	0	0	0	0	0	0	26	6	0	0	0	0	0	0	0	0	0	0	0	0	0	0	0	0	0	0	0	14331	0	1661	0	0	Demonic Focus									0	0	0	0	0	0	0	16712190										0	0	0	0	0	0	0	16712190	Grants your summoned demon immunity to silence and interrupt effects for $d. Castable while casting other spells. 									0	0	0	0	0	0	0	16712190	Immune to silence and interrupt effects .									0	0	0	0	0	0	0	16712190	0	0	0	0	5	0	0	64	0	0	2	0	1	1	1	0	0	0	0	0	0	32	0	0	0	0	1	1	0	0
110065	0	0	0	65536	131072	0	0	0	2	0	0	0	0	0	0	0	0	0	0	0	0	0	0	0	0	0	0	14	0	0	15	0	0	0	101	0	0	0	0	0	4294967294	0	0	0	0	1	0	0	0	0	0	6265	0	0	0	0	0	0	0	1	0	0	0	0	0	0	0	-1	0	0	24	0	0	1	0	0	0	0	0	0	0	0	0	0	0	1	0	0	0	0	0	0	0	0	0	0	0	0	0	0	0	0	0	0	0	0	41170	0	0	0	0	0	0	0	0	0	0	0	0	0	0	0	0	0	0	0	0	0	0	0	4800	0	1506	0	0	Create Bloodstone									0	0	0	0	0	0	0	16712190										0	0	0	0	0	0	0	16712190	Creates a Bloodstone that can be applied to a weapon, granting each attack a $110066h% chance to steal ${$110067m1+0.05*$SP} health from the enemy target. In addition, increases the amount of health generated through spells and effects by $110066m1% and heals you for $110066s3% of your maximum health every $110066t3 sec. Lasts 1 hour.\
									0	0	0	0	0	0	0	16712190										0	0	0	0	0	0	0	16712190	30	133	1500	0	5	1048576	0	0	0	1	1	0	1	1	1	0	0	0	0	0	0	4	0	0	0	1	0	0	0	0
110066	0	0	0	192	0	0	0	0	0	0	0	0	0	0	0	0	0	0	0	0	0	0	0	0	0	0	0	1	0	0	0	0	0	4	50	0	0	0	0	0	0	0	0	0	0	1	0	0	0	0	0	0	0	0	0	0	0	0	0	0	0	0	0	0	0	0	0	-1	0	0	6	6	6	1	0	1	0	0	0	4	0	1	0	0	0	1	1	1	0	0	0	0	0	0	118	42	20	0	0	10000	0	0	0	0	0	0	0	0	0	127	0	0	0	0	0	0	110067	0	0	0	0	524677	8851666	0	0	0	0	0	0	0	0	0	1	0	0	Bloodstone									0	0	0	0	0	0	0	16712190										0	0	0	0	0	0	0	16712190	When applied to a weapon, grants each attack a $110066h% chance to steal ${$110067m1+0.05*$SP} health from the enemy target. In addition, increases the amount of health generated through spells and effects by $110066m1% and heals you for $110066s3% of your maximum health every $110066t3 sec. Lasts 1 hour.\
									0	0	0	0	0	0	0	16712190										0	0	0	0	0	0	0	16712190	0	0	0	0	5	2097152	0	0	0	0	0	0	1	1	1	0	0	0	0	0	0	4	0	0	0	0	0	0	0	0
110067	0	0	0	65536	136	0	0	0	0	0	0	0	0	0	0	0	0	0	0	0	0	0	0	0	0	0	0	1	0	0	8	0	0	0	101	0	0	0	0	0	0	0	0	0	0	7	0	0	0	0	0	0	0	0	0	0	0	0	0	0	0	0	0	0	0	0	0	-1	0	0	9	0	0	0	0	0	1	0	0	0	0	0	0	0	0	6	0	0	0	0	0	36	0	0	0	0	0	0	0	0	0	0	0	0	0	0	0	0	0	0	0	0	0	0	0	0	0	0	0	0	0	0	0	0	0	0	0	0	0	0	965	0	122	0	0	Bloodstone Leech									0	0	0	0	0	0	0	16712190										0	0	0	0	0	0	0	16712190	Leech $m1 damage from the target.									0	0	0	0	0	0	0	16712190										0	0	0	0	0	0	0	16712190	22	133	0	0	5	0	0	512	0	1	1	0	1	1	1	0	0	0	0	0	0	4	0	0	0	0.05	0	0	0	0
110068	0	0	0	262144	0	8192	0	0	0	0	0	0	0	0	0	16	0	0	0	0	0	0	0	0	0	0	0	14	0	0	15	0	0	0	101	0	0	0	15	0	0	0	0	0	0	1	0	0	0	0	0	0	0	0	0	0	0	0	0	0	0	0	0	0	0	0	0	2	1	6430720	54	0	0	1	0	0	0	0	0	1799	0	0	0	0	0	0	0	0	0	0	0	0	0	0	0	0	0	0	0	0	0	0	0	0	0	0	0	0	0	3610	0	0	0	0	0	0	0	0	0	0	0	0	0	0	0	0	0	0	0	0	3182	0	1735	0	0	Bloodstone									0	0	0	0	0	0	0	16712190										0	0	0	0	0	0	0	16712190	When applied to a weapon, grants each attack a $110066h% chance to steal ${$110067m1+0.05*$SP} health from the enemy target. In addition, increases the amount of health generated through spells and effects by $110066m1% and heals you for $110066s3% of your maximum health every $110066t3 sec. Lasts 1 hour.\
									0	0	0	0	0	0	0	16712190										0	0	0	0	0	0	0	16712190	0	0	0	0	5	0	0	0	0	0	0	0	1	1	1	0	0	0	0	0	0	1	0	0	0	0	0	0	0	0
110069	0	0	0	327696	0	0	0	0	0	0	0	0	0	0	0	0	0	0	0	0	0	0	0	0	0	0	0	1	0	0	0	0	0	0	101	0	0	0	0	21	0	0	0	0	0	1	0	0	0	0	0	0	0	0	0	0	0	0	0	0	0	0	0	0	0	0	0	-1	0	0	6	6	6	1	1	0	0	0	0	299	-1	9999	0	0	0	1	1	1	0	0	0	0	0	0	10	82	19	0	0	0	0	0	0	0	0	0	0	0	0	2	0	0	0	0	0	0	0	0	0	0	0	0	0	0	0	0	0	0	0	0	298	0	90	0	0	Demonic Senses									0	0	0	0	0	0	0	16712190										0	0	0	0	0	0	0	16712190	Allows you to breathe underwater and detect lesser invisibility. In addition, increases the threat generated by your spells and attacks by $m1%. Lasts until cancelled. 									0	0	0	0	0	0	0	16712190	Allows you to breathe underwater and detect lesser invisibility. In addition, increases the threat generated by your spells and attacks by $s1%. Lasts until cancelled. 									0	0	0	0	0	0	0	16712190	0	133	1500	0	5	0	0	32	0	1	1	0	1	1	1	0	0	0	0	0	0	32	0	0	0	1	0	0	0	0
110070	0	0	0	687865856	132128	268435460	197120	8388608	2097152	4100	0	0	0	0	0	0	0	0	0	0	0	0	0	0	0	0	0	1	30000	0	8	0	0	0	101	0	0	0	0	0	0	0	0	0	0	6	0	0	0	0	0	0	0	0	0	0	0	0	0	0	0	0	0	0	0	0	0	-1	0	0	1	0	0	0	0	0	0	0	0	0	0	0	0	0	0	5	0	0	0	0	0	0	0	0	0	0	0	0	0	0	0	0	0	0	0	0	0	0	0	0	0	0	0	0	0	0	0	0	0	0	0	0	0	0	0	0	0	0	0	0	1305	0	1488	0	0	Demonic Sacrifice									0	0	0	0	0	0	0	16712190										0	0	0	0	0	0	0	16712190	Sacrifices your summoned demon for power, granting an effect based on the demon. Lasts 30 minutes or until another demon is summoned. \
\
Imp - Movement speed increased by $110071m1%.\
\
Voidwalker - Restores $110072m1% of total health every $110072t1 sec\
\
Succubus - Duration of Silence and Interrupt effects is reduced by $110073m1%.\
\
Felhunter - Passively generates 1 Soul Shard every $110074t1 sec.\
\
Felguard - Duration of incoming crowd control effects is reduced by $110075m1%.									0	0	0	0	0	0	0	16712190										0	0	0	0	0	0	0	16712190	0	0	0	0	5	0	0	16	0	0	0	0	1	1	1	0	0	0	0	0	0	32	0	0	0	0	1	1	0	0
110071	0	1	0	327680	0	0	0	0	0	67108864	268435456	0	0	0	0	0	0	0	0	0	0	0	0	0	0	0	0	1	0	0	0	0	0	0	101	0	0	0	0	30	0	0	0	0	0	4	0	0	0	0	0	0	0	0	0	0	0	0	0	0	0	0	0	0	0	0	0	-1	0	0	6	0	0	1	0	1	0	0	0	14	0	-1	0	0	0	21	0	0	0	0	0	0	0	0	31	0	0	0	0	0	0	0	0	0	0	0	0	0	0	0	0	0	0	0	0	0	0	0	0	0	0	0	0	0	0	0	0	0	0	0	9179	0	215	0	0	Imp’s Trickery									0	0	0	0	0	0	0	16712190										0	0	0	0	0	0	0	16712190	Movement speed increased by $m1%.\
									0	0	0	0	0	0	0	16712190	Movement speed increased by $s1%.\
									0	0	0	0	0	0	0	16712190	0	133	0	0	5	0	0	16	0	0	0	0	1	1	1	0	0	0	0	0	0	32	0	0	0	0	0	0	0	0
110072	0	1	0	327680	0	0	0	0	0	67108864	268435456	0	0	0	0	0	0	0	0	0	0	0	0	0	0	0	0	1	0	0	0	0	0	0	101	0	0	0	0	30	0	0	0	0	0	4	0	0	0	0	0	0	0	0	0	0	0	0	0	0	0	0	0	0	0	0	0	-1	0	0	6	0	0	1	0	1	0	0	0	4	0	-1	0	0	0	21	0	0	0	0	0	0	0	0	20	0	20	5000	0	0	0	0	0	0	0	0	0	0	0	0	0	0	0	0	0	0	0	0	0	0	0	0	0	0	0	0	0	0	0	0	9179	0	217	0	0	Voidwalker’s Regeneration									0	0	0	0	0	0	0	16712190										0	0	0	0	0	0	0	16712190	Restores $m1% of total health every $t1 sec									0	0	0	0	0	0	0	16712190	Restores $s1% of total health every $t1 sec									0	0	0	0	0	0	0	16712190	0	133	0	0	5	0	0	16	0	0	0	0	1	1	1	0	0	0	0	0	0	32	0	0	0	0	0	0	0	0
110073	0	1	0	327680	0	0	0	0	0	67108864	268435456	0	0	0	0	0	0	0	0	0	0	0	0	0	0	0	0	1	0	0	0	0	0	139808	101	0	0	0	0	30	0	0	0	0	0	4	0	0	0	0	0	0	0	0	0	0	0	0	0	0	0	0	0	0	0	0	0	-1	0	0	6	0	0	1	0	1	0	0	0	34	0	-1	0	0	0	21	0	0	0	0	0	0	0	0	4	0	20	0	0	0	0	0	0	0	0	0	0	0	0	0	0	0	0	0	0	0	0	0	0	0	0	0	0	0	0	0	0	0	0	0	9179	0	216	0	0	Succubus’ Allure									0	0	0	0	0	0	0	16712190										0	0	0	0	0	0	0	16712190	Duration of Silence and Interrupt effects is reduced by $m1%.\
									0	0	0	0	0	0	0	16712190	Duration of Silence and Interrupt effects is reduced by $s1%.\
									0	0	0	0	0	0	0	16712190	0	133	0	0	5	0	0	16	0	0	0	0	1	1	1	0	0	0	0	0	0	32	0	0	0	0	0	0	0	0
110074	0	1	0	327680	0	0	0	0	0	67108864	268435456	0	0	0	0	0	0	0	0	0	0	0	0	0	0	0	0	1	0	0	0	0	0	0	101	0	0	0	0	30	0	0	0	0	0	4	0	0	0	0	0	0	0	0	0	0	0	0	0	0	0	0	0	0	0	0	0	-1	0	0	6	0	0	0	0	1	0	0	0	1	0	-1	0	0	0	21	0	0	0	0	0	0	0	0	226	0	20	7000	0	0	0	0	0	0	0	0	0	0	0	0	0	0	0	0	0	0	0	0	0	0	0	0	0	0	0	0	0	0	0	0	9179	0	214	0	0	Felhunter’s Hunger									0	0	0	0	0	0	0	16712190										0	0	0	0	0	0	0	16712190	Passively generates 1 Soul Shard every $t1 sec.									0	0	0	0	0	0	0	16712190	Passively generates 1 Soul Shard every $t1 sec.									0	0	0	0	0	0	0	16712190	0	133	0	0	5	0	0	16	0	0	0	0	1	1	1	0	0	0	0	0	0	32	0	0	0	0	0	0	0	0
110075	0	1	0	327680	0	0	0	0	0	67108864	268435456	0	0	0	0	0	0	0	0	0	0	0	0	0	0	0	0	1	0	0	0	0	0	139808	101	0	0	0	0	30	0	0	0	0	0	4	0	0	0	0	0	0	0	0	0	0	0	0	0	0	0	0	0	0	0	0	0	-1	0	0	6	0	0	1	0	1	0	0	0	24	0	-1	0	0	0	21	0	0	0	0	0	0	0	0	4	0	20	0	0	0	0	0	0	0	0	0	0	0	0	0	0	0	0	0	0	0	0	0	0	0	0	0	0	0	0	0	0	0	0	0	9179	0	1983	0	0	Felguard’s Persistence									0	0	0	0	0	0	0	16712190										0	0	0	0	0	0	0	16712190	Duration of incoming crowd control effects is reduced by $m1%.\
									0	0	0	0	0	0	0	16712190	Duration of incoming crowd control effects is reduced by $s1%.\
									0	0	0	0	0	0	0	16712190	0	133	0	0	5	0	0	16	0	0	0	0	1	1	1	0	0	0	0	0	0	32	0	0	0	0	0	0	0	0
110076	1253	0	14	65536	131072	0	0	0	0	0	0	0	0	0	0	0	0	0	0	0	0	0	0	62388	0	0	0	1	180000	15000	1	0	0	0	101	0	0	0	0	27	0	0	0	0	0	5	0	0	0	0	0	0	0	0	0	0	0	0	0	0	0	0	0	0	0	0	0	-1	0	0	6	0	3	1	0	0	0	0	0	0	0	40	0	0	0	6	0	0	0	0	0	0	0	0	12	0	0	0	0	0	0	0	0	0	0	0	0	0	0	11	0	0	0	0	0	0	0	0	0	0	0	0	0	0	0	0	0	0	0	0	10694	0	3221	0	0	Demonic Circle: Imprison									0	0	0	0	0	0	0	16712190										0	0	0	0	0	0	0	16712190	Teleports the enemy target to your Demonic Circle, dispelling all damage-over-time effects and incapacitating them for 3 sec. Target must be within $s3 yards of Demonic Circle.									0	0	0	0	0	0	0	16712190										0	0	0	0	0	0	0	16712190	0	133	1500	0	5	0	0	32	0	0	1	0	1	1	1	0	0	0	0	0	0	32	0	0	0	0	0	0	0	0
110077	1253	0	0	65536	268599296	0	0	0	0	0	0	0	0	0	0	0	0	0	0	0	0	0	0	62388	0	0	0	1	30000	15000	1	0	0	0	101	0	0	0	0	36	0	100	0	0	0	5	0	0	0	0	0	0	0	0	0	0	0	0	0	0	0	0	0	0	0	0	0	-1	0	0	6	3	0	1	0	0	0	0	0	99	20	0	0	0	0	5	0	0	0	0	0	0	0	0	77	0	0	0	0	0	0	0	0	0	0	0	0	0	0	11	0	0	0	0	0	0	0	0	0	0	0	0	0	0	0	0	0	0	0	0	10694	0	3221	0	0	Demonic Circle: Demonport									0	0	0	0	0	0	0	16712190										0	0	0	0	0	0	0	16712190	Teleports your summoned demon to your Demonic Circle, removing all crowd control effects and healing it for $s2% of maximum health.									0	0	0	0	0	0	0	16712190										0	0	0	0	0	0	0	16712190	0	133	1500	0	5	0	0	32	0	0	1	0	1	1	1	0	0	0	0	0	0	32	0	0	0	0	0	0	0	0
110078	0	0	0	0	131104	4	512	8388608	2097152	4100	0	0	0	0	0	0	0	0	0	0	0	0	0	0	0	0	0	16	30000	0	8	0	0	0	101	0	0	0	0	0	0	0	0	0	0	6	0	0	0	0	0	0	0	0	0	0	0	0	0	0	0	0	0	0	0	0	0	-1	0	0	3	0	0	0	0	0	0	0	0	10	37	0	0	0	0	5	22	0	0	15	0	0	13	0	0	0	0	0	1000	0	0	0	0	0	0	0	0	0	0	0	0	0	0	0	0	0	0	0	0	0	0	0	0	0	0	0	0	0	0	0	1305	0	2725	0	0	Blood Boil									0	0	0	0	0	0	0	16712190										0	0	0	0	0	0	0	16712190	Boils the blood of your summoned demon, damaging it for $m1% of its maximum health and causing it to immolate, dealing ${${$110106s2 * 10)+1*$SP} Fire damage over $d to all enemies within $a2 yards.									0	0	0	0	0	0	0	16712190										0	0	0	0	0	0	0	16712190	0	0	0	0	5	0	0	4	0	0	0	0	1	1	1	0	0	0	0	0	0	4	0	0	0	0	1	1	0	0
110079	0	0	0	0	32	4	512	0	2097152	4100	0	0	0	0	0	0	0	0	0	0	0	0	0	0	0	0	0	16	0	0	0	0	0	0	101	0	0	0	0	1	0	0	0	0	0	6	0	0	0	0	0	0	0	0	0	0	0	0	0	0	0	0	0	0	0	0	0	-1	0	0	0	6	0	0	0	0	0	0	0	10	0	0	0	0	0	0	1	0	0	0	0	0	13	0	0	23	0	0	1000	0	0	0	0	0	0	0	0	0	0	0	0	0	0	0	0	0	110106	0	0	0	0	0	0	0	0	0	0	0	0	0	1305	0	2725	0	0	Blood Boil									0	0	0	0	0	0	0	16712190										0	0	0	0	0	0	0	16712190	Boils the blood of your summoned demon, damaging it for $m1% of its maximum health and causing it to immolate, dealing ${$o2+1*$SP} Fire damage over $d to all enemies within $a2 yards.									0	0	0	0	0	0	0	16712190										0	0	0	0	0	0	0	16712190	0	0	0	0	5	0	0	4	0	0	0	0	1	1	1	0	0	0	0	0	0	4	0	0	0	0	1	1	0	0
110080	0	1	0	327680	0	0	0	0	0	0	0	0	0	0	0	0	0	0	0	0	0	0	0	0	0	12042	0	4	180000	0	12	0	0	87376	100	1	0	0	0	8	0	0	0	0	0	1	0	0	0	0	0	0	0	0	0	0	0	0	0	0	0	0	0	0	0	0	0	-1	0	0	6	0	0	1	0	0	0	0	0	-1000001	0	0	0	0	0	1	0	0	0	0	0	0	0	0	107	0	0	0	0	0	0	0	0	0	0	0	0	0	0	10	0	0	0	0	0	0	0	0	0	0	0	536870912	0	0	0	0	0	0	0	0	4600	0	139	0	50	Dimensional Rift									0	0	0	0	0	0	0	16712190										0	0	0	0	0	0	0	16712190	Reduces the casting time of your Summon spells by 100%. Lasts $d sec.									0	0	0	0	0	0	0	16712190	Reduces the casting time of your Summon spells by 100%.									0	0	0	0	0	0	0	16712190	0	0	0	0	5	0	0	2	0	1	1	0	1	1	1	0	0	0	0	0	0	32	0	0	0	1	0	0	0	0
110081	0	0	0	16	0	0	0	0	0	0	0	0	0	0	0	0	0	0	0	0	0	0	0	0	0	0	0	1	0	0	0	0	0	0	101	0	0	0	0	21	0	0	0	0	0	1	0	0	0	0	0	0	0	0	0	0	0	0	0	0	0	0	0	0	0	0	0	-1	0	0	6	0	0	1	0	0	0	0	0	34	0	0	0	0	0	1	0	0	0	0	0	0	0	0	49	0	0	0	0	0	0	0	0	0	0	0	0	0	0	0	0	0	0	0	0	0	0	0	0	0	0	0	0	0	0	0	0	0	0	0	72	0	178	0	0	Evasion									0	0	0	0	0	0	0	16712190										0	0	0	0	0	0	0	16712190	Increases the caster's chance to dodge by $m1%. Lasts until cancelled.									0	0	0	0	0	0	0	16712190	Chance to dodge increased by $s1%.									0	0	0	0	0	0	0	16712190	0	0	0	0	5	0	0	1	0	0	0	0	1	1	1	0	0	0	0	0	0	1	0	0	0	0	0	0	0	0
110082	0	0	0	16	0	0	0	0	512	0	0	0	0	0	0	0	0	0	0	0	0	0	0	0	0	0	0	1	16000	0	0	0	0	0	101	0	0	60	60	32	0	0	0	0	0	1	0	0	0	0	0	0	0	0	0	0	0	0	0	0	0	0	0	0	0	0	0	2	1	0	6	6	0	1	1	1	0	0	0	-1	-36	-1	0	0	0	1	1	1	0	0	0	0	0	0	23	14	263	1000	0	0	0	0	0	0	0	0	0	0	0	0	126	0	0	0	0	110083	0	0	0	0	0	0	0	0	0	0	0	0	4	0	10704	0	2782	0	50	Bladestorm									0	0	0	0	0	0	0	16712190										0	0	0	0	0	0	0	16712190	Perform a Whirlwind every $t1 sec and take $s2% less spell damage for $d.  No other abilities can be used.									0	0	0	0	0	0	0	16712190	Perform a Whirlwind every $t1 sec and take $s2% less spell damage.  No other abilities can be used.									0	0	0	0	0	0	0	16712190	0	133	1500	0	5	0	0	2	0	2	2	0	1	1	1	0	0	0	0	0	0	1	0	0	0	0	0	0	0	0
110083	0	0	0	327696	16	0	512	128	32768	0	0	0	0	0	0	0	0	0	0	0	0	0	0	0	0	0	0	1	0	0	0	0	0	0	0	0	0	36	36	0	1	0	0	0	0	1	0	0	0	0	0	0	0	0	0	0	0	0	0	0	0	0	0	0	0	0	0	2	0	0	2	0	0	0	0	0	2	0	0	0	0	0	0	0	0	22	22	0	15	0	0	37	0	0	0	0	0	0	0	0	0	0	0	0	0	0	0	0	0	0	0	0	0	0	0	0	44949	0	0	0	0	0	0	0	0	0	0	0	0	0	11756	0	83	0	0	Whirlwind									0	0	0	0	0	0	0	16712190										0	0	0	0	0	0	0	16712190	In a whirlwind of steel you attack up to $i enemies within $a1 yards, causing weapon damage from both melee weapons to each enemy.									0	0	0	0	0	0	0	16712190										0	0	0	0	0	0	0	16712190	0	0	0	0	5	0	0	2	4	2	2	0	1	1	1	0	0	0	0	0	0	1	0	0	0	1	0	0	0	0
110085	0	0	0	16	0	0	0	0	0	0	0	0	0	0	0	0	0	0	0	0	0	0	0	0	0	0	0	1	0	0	0	0	0	0	101	0	0	0	0	21	0	0	0	0	0	1	0	0	0	0	0	0	0	0	0	0	0	0	0	0	0	0	0	0	0	0	0	-1	0	0	6	0	0	1	0	0	0	0	0	89	0	0	0	0	0	1	0	0	0	0	0	0	0	0	229	0	0	0	0	0	0	0	0	0	0	0	0	0	0	0	0	0	0	0	0	0	0	0	0	0	0	0	0	0	0	0	0	0	0	0	72	0	178	0	0	Avoidance									0	0	0	0	0	0	0	16712190										0	0	0	0	0	0	0	16712190	Reduces the damage taken from area of effect attacks by $m1%.\
									0	0	0	0	0	0	0	16712190	Reduces the damage taken from area of effect attacks by $s1%.\
									0	0	0	0	0	0	0	16712190	0	0	0	0	5	0	0	1	0	0	0	0	1	1	1	0	0	0	0	0	0	1	0	0	0	0	0	0	0	0
110086	0	1	0	65536	16388	0	0	0	8192	8388608	0	0	0	0	0	0	0	0	1	0	0	0	0	0	0	0	0	1	16000	0	15	0	31756	0	101	0	0	0	0	32	0	0	0	0	0	4	0	0	0	0	0	0	0	0	0	0	0	0	0	0	0	0	0	0	0	0	0	-1	0	0	6	6	0	0	0	0	1.2	0	0	0	-35	0	0	0	0	6	6	0	0	0	0	0	0	0	3	216	0	1000	0	0	1	0	0	0	0	0	0	0	0	0	10	0	0	0	0	0	0	0	0	0	0	0	0	0	0	0	0	0	0	0	12655	0	546	0	0	Precipice Gaze									0	0	0	0	0	0	0	16712190										0	0	0	0	0	0	0	16712190	Deal $m1 damage every $t1 sec and slowing targets cast speed by $s2% for $d.									0	0	0	0	0	0	0	16712190	Dealing $s1 damage every $t1 sec and slowing targets cast speed by $s2%.									0	0	0	0	0	0	0	16712190	0	133	1500	0	5	0	0	2	0	1	1	0	1	1	1	0	0	0	0	0	0	48	0	0	0	0	0	0	0	0
110087	0	0	0	400	0	0	0	0	0	0	0	0	0	0	0	0	0	0	0	0	0	0	0	0	0	0	0	1	0	0	0	0	0	0	101	0	0	0	0	21	0	0	0	0	0	1	0	0	0	0	0	0	0	0	0	0	0	0	0	0	0	0	0	0	0	0	0	-1	0	0	6	6	0	0	0	1	0	0	0	50	80	-1	0	0	0	1	0	0	0	0	0	0	0	0	69	4	0	0	0	0	0	0	0	0	0	0	0	0	0	127	0	0	0	0	0	0	0	0	0	0	0	0	0	0	0	0	0	0	0	0	0	0	857	0	0	Hardened Skin									0	0	0	0	0	0	0	16712190										0	0	0	0	0	0	0	16712190	Decreases damage taken by $m1% while above $s2% health. 									0	0	0	0	0	0	0	16712190	Decreases damage taken by $s1% while above $s2% health. 									0	0	0	0	0	0	0	16712190	0	0	0	0	5	0	0	1	0	0	0	0	1	1	1	0	0	0	0	0	0	1	0	0	0	0	0	0	0	0
110088	0	1	0	65536	16388	0	0	0	8192	8388608	0	0	0	0	0	0	0	0	1	0	0	0	0	0	0	0	0	1	16000	0	15	0	31756	0	101	0	0	0	0	32	0	0	0	0	0	4	0	0	0	0	0	0	0	0	0	0	0	0	0	0	0	0	0	0	0	0	0	-1	0	0	6	6	6	0	0	0	1.2	0	0	0	-35	-35	0	0	0	6	6	6	0	0	0	0	0	0	3	33	138	1000	0	0	1	0	0	0	0	0	0	0	0	0	10	0	0	0	0	0	0	0	0	0	0	0	0	0	0	0	0	0	0	0	12655	0	546	0	0	Subjugate									0	0	0	0	0	0	0	16712190										0	0	0	0	0	0	0	16712190	Deal $m1 damage every $t1 sec and slowing targets cast speed by $s2% for $d.									0	0	0	0	0	0	0	16712190	Dealing $s1 damage every $t1 sec and slowing targets cast speed by $s2%.									0	0	0	0	0	0	0	16712190	0	133	1500	0	5	0	0	2	0	1	1	0	1	1	1	0	0	0	0	0	0	32	0	0	0	0	0	0	0	0
110089	0	0	7	159383552	544	1074282496	1048576	128	393224	4096	0	0	0	0	0	64	0	0	0	0	0	0	0	0	0	0	0	1	14000	0	0	0	0	0	101	0	0	0	0	27	0	0	0	0	0	95	0	0	0	0	0	0	0	0	0	0	0	0	0	0	0	0	0	0	0	0	0	-1	0	0	42	2	6	1	0	0	0	3	0	-1	0	0	0	0	7	53	6	6	0	0	0	0	0	0	0	0	26	0	0	0	3	0	0	0	0	0	0	0	0	0	0	0	50	0	0	0	0	0	0	0	0	0	0	0	0	0	0	0	0	0	0	0	2723	0	0	Vile Swoop									0	0	0	0	0	0	0	16712190										0	0	0	0	0	0	0	16712190	Leaps on the enemy target, dealing $s2 Physical damage and rooting them for $d.\
									0	0	0	0	0	0	0	16712190	Rooted									0	0	0	0	0	0	0	16712190	0	0	0	0	5	0	0	2	0	2	1	0	1	1	1	0	0	0	0	0	0	1	0	0	0	0	0	0	0	0
110090	0	0	0	400	0	0	0	0	0	0	0	0	0	0	0	0	0	0	0	0	0	0	0	0	0	0	0	1	0	0	0	0	0	0	101	0	0	0	0	21	0	0	0	0	0	1	0	0	0	0	0	0	0	0	0	0	0	0	0	0	0	0	0	0	0	0	0	-1	0	0	6	6	6	0	0	0	0	0	0	50	35	0	0	0	0	1	0	1	0	0	0	0	0	0	69	4	138	0	0	0	0	0	0	0	0	0	0	0	0	127	0	0	0	0	0	0	0	0	0	0	0	0	0	0	0	0	0	0	0	0	0	0	857	0	0	Enrage									0	0	0	0	0	0	0	16712190										0	0	0	0	0	0	0	16712190	Increases attack speed by $m1% while below $s2% health.\
									0	0	0	0	0	0	0	16712190	Increases attack speed by $s1% while below $s2% health.\
									0	0	0	0	0	0	0	16712190	0	0	0	0	5	0	0	1	0	0	0	0	1	1	1	0	0	0	0	0	0	1	0	0	0	0	0	0	0	0
110091	0	0	0	400	0	0	0	0	0	0	0	0	0	0	0	0	0	0	0	0	0	0	0	0	0	0	0	1	0	0	0	0	0	1	101	0	0	0	0	21	0	0	0	0	0	1	0	0	0	0	0	0	0	0	0	0	0	0	0	0	0	0	0	0	0	0	0	-1	0	0	6	0	0	0	0	0	0	0	0	0	35	0	0	0	0	1	0	1	0	0	0	0	0	0	4	0	138	0	0	50	0	0	0	0	0	0	0	0	0	127	0	0	0	0	0	0	0	0	0	0	0	0	0	0	0	0	0	0	0	0	0	0	857	0	0	Kill Me For Buffs									0	0	0	0	0	0	0	16712190										0	0	0	0	0	0	0	16712190	They're very nice ^^									0	0	0	0	0	0	0	16712190	They're very nice ^^									0	0	0	0	0	0	0	16712190	0	0	0	0	5	0	0	2	0	0	0	0	1	1	1	0	0	0	0	0	0	1	0	0	0	0	0	0	0	0
110092	0	1	0	327680	0	0	0	0	0	0	0	0	0	0	0	0	0	0	0	0	0	0	0	0	0	12042	0	1	0	0	0	0	0	0	100	1	0	0	0	8	0	0	0	0	0	1	0	0	0	0	0	0	0	0	0	0	0	0	0	0	0	0	0	0	0	0	0	-1	0	0	6	0	0	0	0	0	0	0	0	15	0	0	0	0	0	1	0	0	0	0	0	0	0	0	13	0	0	0	0	0	0	0	0	0	0	0	0	0	0	0	0	0	0	0	0	0	0	0	0	0	0	0	0	0	0	0	0	0	0	0	4600	0	139	0	50	Shivarra’s Wrath									0	0	0	0	0	0	0	16712190										0	0	0	0	0	0	0	16712190	Damage dealt increased by $m1%.									0	0	0	0	0	0	0	16712190	Damage dealt increased by $s1%.									0	0	0	0	0	0	0	16712190	0	0	0	0	5	0	1	0	0	0	0	0	1	1	1	0	0	0	0	0	0	1	0	0	0	0	0	0	0	0
110093	0	1	0	327680	0	0	0	0	0	0	0	0	0	0	0	0	0	0	0	0	0	0	0	0	0	12042	0	1	0	0	0	0	0	0	100	1	0	0	0	8	0	0	0	0	0	1	0	0	0	0	0	0	0	0	0	0	0	0	0	0	0	0	0	0	0	0	0	-1	0	0	6	6	0	0	0	0	0	0	0	15	15	0	0	0	0	1	1	0	0	0	0	0	0	0	52	57	0	0	0	0	0	0	0	0	0	0	0	0	0	0	0	0	0	0	0	0	0	0	0	0	0	0	0	0	0	0	0	0	0	0	4600	0	139	0	50	Beholder’s Cruelty									0	0	0	0	0	0	0	16712190										0	0	0	0	0	0	0	16712190	Critical strike chance increased by $m1%									0	0	0	0	0	0	0	16712190	Critical strike chance increased by $s1%									0	0	0	0	0	0	0	16712190	0	0	0	0	5	0	1	0	0	0	0	0	1	1	1	0	0	0	0	0	0	1	0	0	0	0	0	0	0	0
110094	0	1	0	327680	0	0	0	0	0	0	0	0	0	0	0	0	0	0	0	0	0	0	0	0	0	12042	0	1	0	0	0	0	0	0	100	1	0	0	0	8	0	0	0	0	0	1	0	0	0	0	0	0	0	0	0	0	0	0	0	0	0	0	0	0	0	0	0	-1	0	0	6	0	0	0	0	0	0	0	0	-15	0	0	0	0	0	1	0	0	0	0	0	0	0	0	14	0	0	0	0	0	0	0	0	0	0	0	0	0	0	0	0	0	0	0	0	0	0	0	0	0	0	0	0	0	0	0	0	0	0	0	4600	0	139	0	50	Tyrant’s Vitality									0	0	0	0	0	0	0	16712190										0	0	0	0	0	0	0	16712190	Damage taken reduced by $m1%.\
									0	0	0	0	0	0	0	16712190	Damage taken reduced by $s1%.\
									0	0	0	0	0	0	0	16712190	0	0	0	0	5	0	1	0	0	0	0	0	1	1	1	0	0	0	0	0	0	1	0	0	0	0	0	0	0	0
110095	0	1	0	327680	0	0	0	0	0	0	0	0	0	0	0	0	0	0	0	0	0	0	0	0	0	12042	0	1	0	0	0	0	0	0	100	1	0	0	0	8	0	0	0	0	0	1	0	0	0	0	0	0	0	0	0	0	0	0	0	0	0	0	0	0	0	0	0	-1	0	0	6	6	6	0	0	0	0	0	0	15	15	15	0	0	0	1	1	1	0	0	0	0	0	0	138	216	140	0	0	0	0	0	0	0	0	0	0	0	0	0	0	0	0	0	0	0	0	0	0	0	0	0	0	0	0	0	0	0	0	0	4600	0	139	0	50	Vilefiend’s Alacrity									0	0	0	0	0	0	0	16712190										0	0	0	0	0	0	0	16712190	Haste increased by $m1%									0	0	0	0	0	0	0	16712190	Haste increased by $s1%									0	0	0	0	0	0	0	16712190	0	0	0	0	5	0	1	0	0	0	0	0	1	1	1	0	0	0	0	0	0	1	0	0	0	0	0	0	0	0
110096	0	1	0	464	0	0	0	0	0	0	0	0	0	0	0	0	0	0	0	0	0	0	0	0	0	61987	0	1	0	0	0	0	0	87360	6	0	0	0	0	0	0	0	0	0	0	1	0	0	0	0	0	0	0	0	0	0	0	0	0	0	0	0	0	0	0	0	0	-1	0	0	6	6	0	0	0	1	0	0	0	20	70	-1	0	0	0	1	1	0	0	0	0	0	0	0	4	4	43	0	0	0	0	0	0	0	0	0	0	0	0	0	0	0	0	0	0	0	0	0	0	0	0	4294967295	4294967295	4294967295	2147483647	2147483647	2147483647	2147483647	2147483647	2147483647	0	0	2943	0	0	Nether Tear Talent									0	0	0	0	0	0	0	16712190										0	0	0	0	0	0	0	16712190	Casting abilities that cost Soul Shards has a $h% chance to open a Nether Tear with $s2 of the caster's Health for $110097d. Every $110097t1 seconds, the Nether Tear summons a random Lesser Demon that will attack your enemies for $110098d. Nether tears cannot open more than once every 30 seconds.									0	0	0	0	0	0	0	16712190	Casting abilities that cost Soul Shards has a $h% chance to open a Nether Tear with $s2 of the caster's Health for $110097d. Every $110097t1 seconds, the Nether Tear summons a random Lesser Demon that will attack your enemies for $110098d. Nether tears cannot open more than once every $110099d seconds.									0	0	0	0	0	0	0	16712190	0	0	0	0	5	0	8192	0	0	0	1	0	1	1	1	0	0	0	0	0	0	32	0	0	0	1	0	0	0	0
110097	0	1	0	0	0	0	0	0	0	0	0	0	0	0	0	0	0	0	0	0	0	0	0	0	0	61987	0	1	0	0	0	0	0	0	6	0	0	0	0	3	0	0	0	0	0	1	0	0	0	0	0	0	0	0	0	0	0	0	0	0	0	0	0	0	0	0	0	-1	0	0	0	28	0	1	0	1	0	0	0	19	0	-1	0	0	0	0	18	0	0	0	0	0	0	0	79	0	43	10000	0	0	0	0	0	0	0	0	0	0	0	127	1000006	0	0	687	0	0	0	0	0	0	0	0	0	0	0	0	0	0	0	0	0	0	2943	0	0	Nether Tear Summon Tear									0	0	0	0	0	0	0	16712190										0	0	0	0	0	0	0	16712190										0	0	0	0	0	0	0	16712190										0	0	0	0	0	0	0	16712190	0	0	0	0	5	0	8192	0	0	0	1	0	1	1	1	0	0	0	0	0	0	32	0	0	0	1	0	0	0	0
110098	0	1	0	327680	0	0	0	0	0	0	0	0	0	0	0	0	0	0	0	0	0	0	0	0	0	61987	0	1	0	0	0	0	0	0	6	0	0	0	0	21	0	0	0	0	0	1	0	0	0	0	0	0	0	0	0	0	0	0	0	0	0	0	0	0	0	0	0	-1	0	0	6	3	0	0	0	1	0	0	0	0	25000	-1	0	0	0	1	0	0	0	0	0	0	0	0	226	136	43	10000	0	0	0	0	0	0	0	0	0	0	0	0	127	0	0	0	0	0	0	0	0	0	0	0	0	0	0	0	0	0	0	0	0	0	2943	0	0	Nether Tear Summon Demon									0	0	0	0	0	0	0	16712190										0	0	0	0	0	0	0	16712190	Increases all damage and healing caused by $s1% for $d. Spells extend the duration of Avenging Wrath by 1 second and increase all mana costs of your spells by 20% and their power by a further 5%.									0	0	0	0	0	0	0	16712190	Casting abilities that cost Soul Shards has a $h% chance to open a Nether Tear with $s2 of the caster's Health for 									0	0	0	0	0	0	0	16712190	0	0	0	0	5	0	8192	0	0	0	1	0	1	1	1	0	0	0	0	0	0	32	0	0	0	1	0	0	0	0
110099	0	1	0	2214592512	0	0	0	0	0	0	0	0	0	0	0	0	0	0	0	0	0	0	0	0	0	61987	0	1	0	0	0	0	0	0	6	0	0	0	0	9	0	0	0	0	0	1	0	0	0	0	0	0	0	0	0	0	0	0	0	0	0	0	0	0	0	0	0	-1	0	0	6	0	0	1	0	1	0	0	0	19	70	-1	0	0	0	1	0	0	0	0	0	0	0	0	4	136	43	0	0	0	0	0	0	0	0	0	0	0	0	127	127	0	0	0	0	0	0	0	0	0	0	0	0	0	0	0	0	0	0	0	0	0	2943	0	0	Nether Tear Cooldown									0	0	0	0	0	0	0	16712190										0	0	0	0	0	0	0	16712190	Cannot summon another Nether Tear									0	0	0	0	0	0	0	16712190	Cannot summon another Nether Tear									0	0	0	0	0	0	0	16712190	0	0	0	0	5	0	8192	0	0	0	1	0	1	1	1	0	0	0	0	0	0	32	0	0	0	1	0	0	0	0
110100	0	1	0	327888	0	0	0	0	0	0	0	0	0	0	0	0	0	0	0	0	0	0	0	0	0	61987	0	1	0	0	0	0	0	0	40	0	0	0	0	0	0	0	0	0	0	1	0	0	0	0	0	0	0	0	0	0	0	0	0	0	0	0	0	0	0	0	0	-1	0	0	6	3	0	1	0	1	0	0	0	19	70	-1	0	0	0	1	0	0	0	0	0	0	0	0	79	136	43	0	0	0	0	0	0	0	0	0	0	0	0	127	127	0	0	0	0	0	0	0	0	0	0	0	0	0	0	0	0	0	0	0	0	0	2943	0	0	Unstable Summoning									0	0	0	0	0	0	0	16712190										0	0	0	0	0	0	0	16712190	Casting abilities that cost Soul Shards has a $h% chance to open a Nether Tear with $s2 of the caster's Health for $110097d. Every $110097t1 seconds, the Nether Tear summons a random Lesser Demon that will attack your enemies for $110098d. Nether tears cannot open more than once every 30 seconds.									0	0	0	0	0	0	0	16712190	Increases the health of Nether Tears by 50%. In addition, lesser demons have a 40% chance to spawn unstable, becoming hostile to everyone and attacking random targets. Killing unstable lesser demons grants a powerful buff for 15 sec.									0	0	0	0	0	0	0	16712190	0	0	0	0	5	0	8192	0	0	0	1	0	1	1	1	0	0	0	0	0	0	32	0	0	0	1	0	0	0	0
110101	0	1	0	327680	0	0	0	0	0	0	0	0	0	0	0	0	0	0	0	0	0	0	0	0	0	12042	0	1	0	0	0	0	0	0	100	1	0	0	0	27	0	0	0	0	0	1	0	0	3	0	0	0	0	0	0	0	0	0	0	0	0	0	0	0	0	0	0	-1	0	0	6	6	0	0	0	0	0	0	0	10	-10	15	0	0	0	6	6	0	0	0	0	0	0	0	271	33	140	0	0	0	0	0	0	0	0	0	0	0	0	0	0	0	0	0	0	0	0	0	0	0	0	0	0	1	0	0	0	0	0	0	4600	0	139	0	50	Vilefiend’s Alacrity									0	0	0	0	0	0	0	16712190										0	0	0	0	0	0	0	16712190	Haste increased by $m1%									0	0	0	0	0	0	0	16712190	Haste increased by $s1%									0	0	0	0	0	0	0	16712190	0	0	0	0	5	0	1	0	0	0	0	0	1	1	1	0	0	0	0	0	0	1	0	0	0	0	0	0	0	0
110106	0	0	0	0	131104	4	512	8388608	2097152	4100	0	0	0	0	0	0	0	0	0	0	0	0	0	0	0	0	0	16	0	0	0	0	0	0	101	0	0	0	0	0	0	0	0	0	0	6	0	0	0	0	0	0	0	0	0	0	0	0	0	0	0	0	0	0	0	0	0	-1	0	0	0	2	0	0	0	0	0	0	0	10	37	0	0	0	0	0	22	0	0	15	0	0	13	0	0	0	0	0	0	0	0	0	0	0	0	0	0	0	0	0	0	0	0	0	0	0	0	0	0	0	0	0	0	0	0	0	0	0	0	0	1305	0	2725	0	0	Blood Boil									0	0	0	0	0	0	0	16712190										0	0	0	0	0	0	0	16712190	Boils the blood of your summoned demon, damaging it for $m1% of its maximum health and causing it to immolate, dealing ${$o2+1*$SP} Fire damage over $d to all enemies within $a2 yards.									0	0	0	0	0	0	0	16712190										0	0	0	0	0	0	0	16712190	0	0	0	0	5	0	0	4	0	0	0	0	1	1	1	0	0	0	0	0	0	4	0	0	0	0	1	1	0	0
